Workbook

Sheet 00_封面与导读
A1: 中国 PVC 开工率（产能利用率）季节性分析
A2: 数据窗口 2026-W30~W42（12 个真实周度观测，逐条带源）｜ 口径：隆众资讯·71 家样本企业 ｜ 禁止将样本开工率直接等同于全行业实际产量
A4: 生成日期 | B4: 2026-10-20
A5: 最新观测 | B5: 20261015 64.59% （样本 71 家）
A6: 覆盖范围 | B6: 2026-07-24 ~ 2026-10-15，ISO 2026-W30 ~ 2026-W42，共 12 个观测 / 12 个周号
A7: 分位数口径 | B7: 经验分位·线性插值（=Excel PERCENTILE.INC / R quantile type=7）
A8: 季节性判定 | B8: 不足以判定季节性：跨年观测<3个年份（seasonal_ss_share=1.0）
A9: 核心限制① | B9: 公开渠道仅能取到 2026-W30~W42 的完整周度序列；更早的历史周度值在隆众原文中对非会员隐藏、且 mysteel 文章 ID 为随机串不可枚举 → 未做任何插值/填补。
A10: 核心限制② | B10: 跨年同周分位需要 ≥3 个年份的同周观测；当前同周仅 1 个观测，因此**本期不出具“历史分位区间”**，只出具可核验的单周锚点对照。
A11: 核心限制③ | B11: 隆众“环比”锚点是上一个**发布日**而非 ISO 周-1；“同比”锚点是上年**同一发布日**当周。
A12: 口径红线 | B12: 产能利用率(样本) ≠ 产能利用率(统计局·价值量口径) ≠ 实际产量。样本口径的利用率变化不能线性放大为全国产量变化。

Sheet 01_周度数据
A1: 周度产能利用率原始数据（逐条可追溯）
A2: ★ 本表是全套结论的唯一数据底座：每一行都能点开到原文；空单元格=原文未披露，不是 0，也不允许被插值。
A4: 周期截止日 | B4: 日历日期 | C4: ISO年 | D4: ISO周 | E4: 所属月 | F4: 整体% | G4: 电石法% | H4: 乙烯法% | I4: 整体环比 | J4: 电石法环比 | K4: 乙烯法环比 | L4: 整体同比 | M4: 电石法同比 | N4: 乙烯法同比 | O4: 样本企业数 | P4: 产能基数(万吨/年) | Q4: 观测类型 | R4: 距上一期天数 | S4: 发布节奏 | T4: 口径标签 | U4: 来源URL | V4: 备注
A5: 20260724 | B5: 2026-07-24 | C5: 2026 | D5: 30 | E5: 2026-07 | F5: 70.14 | G5: 73.1 | H5: 63.17 | I5: 缺口 | J5: 缺口 | K5: 缺口 | L5: 缺口 | M5: 缺口 | N5: 缺口 | Q5: 接口回传序列 | S5: 首发/断档 | T5: 隆众口径·周度 | U5: https://api.mysteel.com/publishd/page/pageListIndexCharts?pageListIds=6466 | V5: 仅图表接口（ID01230780/ID01037485/ID01037486）回传的13周窗口起点；当期速讯原文不可得，环比/同比/样本数未披露
A6: 20260807 | B6: 2026-08-07 | C6: 2026 | D6: 32 | E6: 2026-08 | F6: 71.9 | G6: 75.14 | H6: 64.27 | I6: 缺口 | J6: 缺口 | K6: 缺口 | L6: 缺口 | M6: 缺口 | N6: 缺口 | Q6: 接口回传序列 | R6: 14 | S6: 长于7天：统计周期可能跳跃 | T6: 隆众口径·周度 | U6: https://api.mysteel.com/publishd/page/pageListIndexCharts?pageListIds=6466 | V6: 图表接口；原文不可得；样本数与产能基数未披露
A7: 20260814 | B7: 2026-08-14 | C7: 2026 | D7: 33 | E7: 2026-08 | F7: 73.76 | G7: 75.89 | H7: 68.78 | I7: 缺口 | J7: 缺口 | K7: 缺口 | L7: 缺口 | M7: 缺口 | N7: 缺口 | Q7: 接口回传序列 | R7: 7 | T7: 隆众口径·周度 | U7: https://api.mysteel.com/publishd/page/pageListIndexCharts?pageListIds=6466 | V7: 图表接口；原文不可得；样本数与产能基数未披露
A8: 20260820 | B8: 2026-08-20 | C8: 2026 | D8: 34 | E8: 2026-08 | F8: 70.68 | G8: 72.78 | H8: 65.8 | I8: -0.29 | J8: 0.2 | K8: -1.42 | L8: -6.93 | M8: -4.03 | N8: -13.8 | O8: 71 | Q8: 原文速讯（含样本说明） | R8: 6 | S8: 短于7天 | T8: 隆众口径·71家样本·周度 | U8: https://www.mysteel.com/oilchem/a/26082108/C26D3A0FB2A7580A.html | V8: 原文“样本说明”明确覆盖71家PVC生产企业及厂区
A9: 20260827 | B9: 2026-08-27 | C9: 2026 | D9: 35 | E9: 2026-08 | F9: 68.22 | G9: 69.5 | H9: 65.25 | I9: -2.46 | J9: -3.28 | K9: -0.55 | L9: -7.8 | M9: -7.75 | N9: -7.7 | O9: 71 | Q9: 原文速讯（含样本说明） | R9: 7 | T9: 隆众口径·71家样本·周度 | U9: https://www.mysteel.com/oilchem/a/26082808/7DEF91BDDCB6835A.html | V9: 原文披露同比；8月1日起甘肃金川新融20万吨退出样本，全国PVC产能基数变更为2878.5万吨/年
A10: 20260903 | B10: 2026-09-03 | C10: 2026 | D10: 36 | E10: 2026-09 | F10: 68.3 | G10: 71.94 | H10: 59.82 | I10: 0.08 | J10: 2.44 | K10: -5.43 | L10: -8.83 | M10: -4.79 | N10: -18.32 | O10: 71 | Q10: 原文速讯（含样本说明） | R10: 7 | T10: 隆众口径·71家样本·周度 | U10: https://www.mysteel.com/oilchem/a/26090409/F1F67482897E2712.html | V10: 原文披露同比
A11: 20260910 | B11: 2026-09-10 | C11: 2026 | D11: 37 | E11: 2026-09 | F11: 69.89 | G11: 73.7 | H11: 61 | I11: 1.58 | J11: 缺口 | K11: 缺口 | L11: 缺口 | M11: 缺口 | N11: 缺口 | O11: 71 | Q11: 原文速讯（含样本说明） | R11: 7 | T11: 隆众口径·71家样本·周度 | U11: https://www.mysteel.com/oilchem/a/26091109/4A3C5544CB6261C6.html | V11: 原文未披露同比（缺口，不填补）
A12: 20260917 | B12: 2026-09-17 | C12: 2026 | D12: 38 | E12: 2026-09 | F12: 69.23 | G12: 73.27 | H12: 59.82 | I12: -0.66 | J12: 缺口 | K12: 缺口 | L12: 缺口 | M12: 缺口 | N12: 缺口 | O12: 71 | Q12: 原文速讯（含样本说明） | R12: 7 | T12: 隆众口径·71家样本·周度 | U12: https://www.mysteel.com/oilchem/a/26091809/B1C2050F8AFBF228.html | V12: 原文未披露同比（缺口，不填补）
A13: 20260924 | B13: 2026-09-24 | C13: 2026 | D13: 39 | E13: 2026-09 | F13: 66.74 | G13: 70.57 | H13: 57.81 | I13: -2.49 | J13: 缺口 | K13: 缺口 | L13: 缺口 | M13: 缺口 | N13: 缺口 | O13: 71 | Q13: 原文速讯（含样本说明） | R13: 7 | T13: 隆众口径·71家样本·周度 | U13: https://www.mysteel.com/oilchem/a/26092418/6B5932167BE55491.html | V13: 原文未披露同比（缺口，不填补）
A14: 20261001 | B14: 2026-10-01 | C14: 2026 | D14: 40 | E14: 2026-10 | F14: 66.14 | G14: 71.14 | H14: 54.48 | I14: -0.59 | J14: 缺口 | K14: 缺口 | L14: 缺口 | M14: 缺口 | N14: 缺口 | O14: 71 | Q14: 原文速讯（含样本说明） | R14: 7 | T14: 隆众口径·71家样本·周度 | U14: https://www.mysteel.com/oilchem/a/26100115/739E6FECE3C9CEC4.html | V14: 原文未披露同比；同期数据分析稿注明8月1日起产能基数2878.5万吨/年
A15: 20261008 | B15: 2026-10-08 | C15: 2026 | D15: 41 | E15: 2026-10 | F15: 66.26 | G15: 72.29 | H15: 52.21 | I15: 0.12 | J15: 1.14 | K15: -2.27 | L15: -16.37 | M15: -10.66 | N15: -29.69 | O15: 71 | Q15: 原文速讯（含样本说明） | R15: 7 | T15: 隆众口径·71家样本·周度 | U15: https://www.mysteel.com/oilchem/a/26100817/5749DD2FBDF426C0.html | V15: 原文披露同比减少16.37%
A16: 20261015 | B16: 2026-10-15 | C16: 2026 | D16: 42 | E16: 2026-10 | F16: 64.59 | G16: 69.66 | H16: 52.78 | I16: -1.67 | J16: -2.62 | K16: 0.57 | L16: -12.1 | M16: -5.05 | N16: -28.48 | O16: 71 | Q16: 原文速讯（含样本说明） | R16: 7 | T16: 隆众口径·71家样本·周度 | U16: https://www.mysteel.com/oilchem/a/26101608/87AD42ED0F95C49B.html | V16: 原文“样本说明”覆盖71家；数据分析稿注明基数2878.5万吨/年

Sheet 02_周次映射
A1: 周次映射表：ISO 周 / 中国行业周 / 春节相对周
A2: 中国氯碱行业周度统计周期为“上周五~本周四”，覆盖跨年（例如 W53 会跨年）。春节为移动节假日，必须另算“春节相对周”，否则 ISO 周对齐会把节前节后错位对比。
A4: 周期截止日(周四) | B4: 自然年(公式) | C4: 年序周次(公式) | D4: 自然周起始(周五) | E4: 自然周结束(周四) | F4: 覆盖年份数 | G4: 交易日数(近似) | H4: 春节相对周 | I4: 说明
A5: 2026-07-24 | B5: =YEAR(A5+4-WEEKDAY(A5)) | C5: =1+INT(((A5-WEEKDAY(A5))-(DATE(B5,1,1)-WEEKDAY(DATE(B5,1,1))))/7) | D5: =A5-6 | E5: =A5 | H5: =A5-DATE(2026,2,17) | I5: 春节 2026-02-17（周二）；本列=天数差，需再换算为“相对周”方可用于对齐
A6: 2026-08-07 | B6: =YEAR(A6+4-WEEKDAY(A6)) | C6: =1+INT(((A6-WEEKDAY(A6))-(DATE(B6,1,1)-WEEKDAY(DATE(B6,1,1))))/7) | D6: =A6-6 | E6: =A6 | H6: =A6-DATE(2026,2,17) | I6: 春节 2026-02-17（周二）；本列=天数差，需再换算为“相对周”方可用于对齐
A7: 2026-08-14 | B7: =YEAR(A7+4-WEEKDAY(A7)) | C7: =1+INT(((A7-WEEKDAY(A7))-(DATE(B7,1,1)-WEEKDAY(DATE(B7,1,1))))/7) | D7: =A7-6 | E7: =A7 | H7: =A7-DATE(2026,2,17) | I7: 春节 2026-02-17（周二）；本列=天数差，需再换算为“相对周”方可用于对齐
A8: 2026-08-20 | B8: =YEAR(A8+4-WEEKDAY(A8)) | C8: =1+INT(((A8-WEEKDAY(A8))-(DATE(B8,1,1)-WEEKDAY(DATE(B8,1,1))))/7) | D8: =A8-6 | E8: =A8 | H8: =A8-DATE(2026,2,17) | I8: 春节 2026-02-17（周二）；本列=天数差，需再换算为“相对周”方可用于对齐
A9: 2026-08-27 | B9: =YEAR(A9+4-WEEKDAY(A9)) | C9: =1+INT(((A9-WEEKDAY(A9))-(DATE(B9,1,1)-WEEKDAY(DATE(B9,1,1))))/7) | D9: =A9-6 | E9: =A9 | H9: =A9-DATE(2026,2,17) | I9: 春节 2026-02-17（周二）；本列=天数差，需再换算为“相对周”方可用于对齐
A10: 2026-09-03 | B10: =YEAR(A10+4-WEEKDAY(A10)) | C10: =1+INT(((A10-WEEKDAY(A10))-(DATE(B10,1,1)-WEEKDAY(DATE(B10,1,1))))/7) | D10: =A10-6 | E10: =A10 | H10: =A10-DATE(2026,2,17) | I10: 春节 2026-02-17（周二）；本列=天数差，需再换算为“相对周”方可用于对齐
A11: 2026-09-10 | B11: =YEAR(A11+4-WEEKDAY(A11)) | C11: =1+INT(((A11-WEEKDAY(A11))-(DATE(B11,1,1)-WEEKDAY(DATE(B11,1,1))))/7) | D11: =A11-6 | E11: =A11 | H11: =A11-DATE(2026,2,17) | I11: 春节 2026-02-17（周二）；本列=天数差，需再换算为“相对周”方可用于对齐
A12: 2026-09-17 | B12: =YEAR(A12+4-WEEKDAY(A12)) | C12: =1+INT(((A12-WEEKDAY(A12))-(DATE(B12,1,1)-WEEKDAY(DATE(B12,1,1))))/7) | D12: =A12-6 | E12: =A12 | H12: =A12-DATE(2026,2,17) | I12: 春节 2026-02-17（周二）；本列=天数差，需再换算为“相对周”方可用于对齐
A13: 2026-09-24 | B13: =YEAR(A13+4-WEEKDAY(A13)) | C13: =1+INT(((A13-WEEKDAY(A13))-(DATE(B13,1,1)-WEEKDAY(DATE(B13,1,1))))/7) | D13: =A13-6 | E13: =A13 | H13: =A13-DATE(2026,2,17) | I13: 春节 2026-02-17（周二）；本列=天数差，需再换算为“相对周”方可用于对齐
A14: 2026-10-01 | B14: =YEAR(A14+4-WEEKDAY(A14)) | C14: =1+INT(((A14-WEEKDAY(A14))-(DATE(B14,1,1)-WEEKDAY(DATE(B14,1,1))))/7) | D14: =A14-6 | E14: =A14 | H14: =A14-DATE(2026,2,17) | I14: 春节 2026-02-17（周二）；本列=天数差，需再换算为“相对周”方可用于对齐
A15: 2026-10-08 | B15: =YEAR(A15+4-WEEKDAY(A15)) | C15: =1+INT(((A15-WEEKDAY(A15))-(DATE(B15,1,1)-WEEKDAY(DATE(B15,1,1))))/7) | D15: =A15-6 | E15: =A15 | H15: =A15-DATE(2026,2,17) | I15: 春节 2026-02-17（周二）；本列=天数差，需再换算为“相对周”方可用于对齐
A16: 2026-10-15 | B16: =YEAR(A16+4-WEEKDAY(A16)) | C16: =1+INT(((A16-WEEKDAY(A16))-(DATE(B16,1,1)-WEEKDAY(DATE(B16,1,1))))/7) | D16: =A16-6 | E16: =A16 | H16: =A16-DATE(2026,2,17) | I16: 春节 2026-02-17（周二）；本列=天数差，需再换算为“相对周”方可用于对齐
A18: ★ 年序周次公式等价性验证（与 ISO 8601 周号逐行一致）
A19: 原始数据登记表中的 ISO周 列由 Python datetime.isocalendar() 生成；本表 C 列用纯工作表函数复算，两者一致才说明周号没有登记错。
A21: 历年春节日期（用于移动节假日对齐）
A22: 2021 | B22: 2021-02-12 | C22: 春节在 ISO 周号中的位置逐年漂移 1~5 周，因此“春节效应”必须用相对周对齐，不能用 ISO 周号直接比。
A23: 2022 | B23: 2022-02-01 | C23: 春节在 ISO 周号中的位置逐年漂移 1~5 周，因此“春节效应”必须用相对周对齐，不能用 ISO 周号直接比。
A24: 2023 | B24: 2023-01-22 | C24: 春节在 ISO 周号中的位置逐年漂移 1~5 周，因此“春节效应”必须用相对周对齐，不能用 ISO 周号直接比。
A25: 2024 | B25: 2024-02-10 | C25: 春节在 ISO 周号中的位置逐年漂移 1~5 周，因此“春节效应”必须用相对周对齐，不能用 ISO 周号直接比。
A26: 2025 | B26: 2025-01-29 | C26: 春节在 ISO 周号中的位置逐年漂移 1~5 周，因此“春节效应”必须用相对周对齐，不能用 ISO 周号直接比。
A27: 2026 | B27: 2026-02-17 | C27: 春节在 ISO 周号中的位置逐年漂移 1~5 周，因此“春节效应”必须用相对周对齐，不能用 ISO 周号直接比。

Sheet 03_样本覆盖与口径
A1: 样本覆盖、产能基数与口径变更审计
A2: 口径变更会直接改变分子分母 → 跨变更点比较必须显式标注，否则会把“口径变化”误读成“开工变化”。
A4: 生效范围 | B4: 样本企业数 | C4: 全国产能基数(万吨/年) | D4: 事件 | E4: 对开工率的影响方向 | F4: 证据来源 | G4: 本报告处理方式
A5: 2026-07-24 ~ 2026-08-13 | B5: 未披露 | C5: 未披露 | D5: 图表接口回传窗口：仅数值，无样本说明 | E5: 未知 | F5: https://api.mysteel.com/publishd/page/pageListIndexCharts?pageListIds=6466 | G5: 仅作序列展示，不用于任何占比/分位推断
A6: 2026-08-01 起 | B6: 71 | C6: 2878.5 | D6: 甘肃金川新融 20 万吨/年装置退出样本；全国 PVC 产能基数变更为 2878.5 万吨/年 | E6: 分母下降；若退出的是低开工装置，整体利用率会被动上行 0~0.7pp 量级 | F6: https://www.mysteel.com/oilchem/a/26101609/BDD78E2EAA035E39.html | G6: 在 08-01 前后做对比时标注“口径变更点”，不把差额全部归因于生产行为
A7: 2026-08-20 ~ 2026-10-15 | B7: 71 | C7: 2878.5 | D7: 稳定期：样本 71 家、基数 2878.5 万吨/年 | E7: 可做周度环比 | F7: https://www.mysteel.com/oilchem/a/26101608/87AD42ED0F95C49B.html | G7: 本期主回归区间
A8: 2026 年 1 月（月报） | B8: 73 家（产量口径） | C8: 未披露 | D8: 产量月度样本 73 家；2026-05 月报降为 72 家 | E8: 仅影响产量，不影响周度利用率样本 | F8: https://www.mysteel.com/oilchem/a/26020416/17134B4459E5340A.html | G8: 产量与利用率分属两套样本，禁止用利用率×产能推算分省份产量
A9: 统计周期 | B9: — | C9: — | D9: 周度统计周期为“上周五至本周四”，工作日每周四发布；每年年底剔除连续停车≥2 个自然年的产能（僵尸产能） | E9: — | F9: 隆众资讯《产能利用率》样本说明与名词解释 | G9: 所有周号按“覆盖周四”的 ISO 周登记，并在 02 表给出周五~周四区间

Sheet 04_历史分位
A1: 同周号跨年分位（公式可复算）
A2: 分位数用 PERCENTILE.INC（=经验分位线性插值），与 Python numpy.percentile(linear) 一致。n<3 时不出分位、返回“缺口”——这是硬约束，不允许用估算值凑数。
A4: ISO周 | B4: 观测年份数 n | C4: 观测年份 | D4: 均值 | E4: 中位数(P50) | F4: P10 | G4: P25 | H4: P75 | I4: P90 | J4: 判定
A5: W30 | B5: 1 | C5: [2026] | D5: =IF(B5>=3,SUMPRODUCT(('01_周度数据'!$D$5:$D$16=VALUE(SUBSTITUTE(A5,"W","")))*'01_周度数据'!$F$5:$F$16)/MAX(1,SUMPRODUCT(--('01_周度数据'!$D$5:$D$16=VALUE(SUBSTITUTE(A5,"W",""))))),"缺口") | E5: =IF(B5>=3,MIN(IF('01_周度数据'!$D$5:$D$16=VALUE(SUBSTITUTE(A5,"W","")),'01_周度数据'!$F$5:$F$16)),"缺口") | F5: =IF(B5>=3,"见Python/P50列","缺口") | G5: =IF(B5>=3,"见Python/P50列","缺口") | H5: =IF(B5>=3,"见Python/P50列","缺口") | I5: =IF(B5>=3,"见Python/P50列","缺口") | J5: 缺口：n<3 不给出分位
A6: W32 | B6: 1 | C6: [2026] | D6: =IF(B6>=3,SUMPRODUCT(('01_周度数据'!$D$5:$D$16=VALUE(SUBSTITUTE(A6,"W","")))*'01_周度数据'!$F$5:$F$16)/MAX(1,SUMPRODUCT(--('01_周度数据'!$D$5:$D$16=VALUE(SUBSTITUTE(A6,"W",""))))),"缺口") | E6: =IF(B6>=3,MIN(IF('01_周度数据'!$D$5:$D$16=VALUE(SUBSTITUTE(A6,"W","")),'01_周度数据'!$F$5:$F$16)),"缺口") | F6: =IF(B6>=3,"见Python/P50列","缺口") | G6: =IF(B6>=3,"见Python/P50列","缺口") | H6: =IF(B6>=3,"见Python/P50列","缺口") | I6: =IF(B6>=3,"见Python/P50列","缺口") | J6: 缺口：n<3 不给出分位
A7: W33 | B7: 1 | C7: [2026] | D7: =IF(B7>=3,SUMPRODUCT(('01_周度数据'!$D$5:$D$16=VALUE(SUBSTITUTE(A7,"W","")))*'01_周度数据'!$F$5:$F$16)/MAX(1,SUMPRODUCT(--('01_周度数据'!$D$5:$D$16=VALUE(SUBSTITUTE(A7,"W",""))))),"缺口") | E7: =IF(B7>=3,MIN(IF('01_周度数据'!$D$5:$D$16=VALUE(SUBSTITUTE(A7,"W","")),'01_周度数据'!$F$5:$F$16)),"缺口") | F7: =IF(B7>=3,"见Python/P50列","缺口") | G7: =IF(B7>=3,"见Python/P50列","缺口") | H7: =IF(B7>=3,"见Python/P50列","缺口") | I7: =IF(B7>=3,"见Python/P50列","缺口") | J7: 缺口：n<3 不给出分位
A8: W34 | B8: 1 | C8: [2026] | D8: =IF(B8>=3,SUMPRODUCT(('01_周度数据'!$D$5:$D$16=VALUE(SUBSTITUTE(A8,"W","")))*'01_周度数据'!$F$5:$F$16)/MAX(1,SUMPRODUCT(--('01_周度数据'!$D$5:$D$16=VALUE(SUBSTITUTE(A8,"W",""))))),"缺口") | E8: =IF(B8>=3,MIN(IF('01_周度数据'!$D$5:$D$16=VALUE(SUBSTITUTE(A8,"W","")),'01_周度数据'!$F$5:$F$16)),"缺口") | F8: =IF(B8>=3,"见Python/P50列","缺口") | G8: =IF(B8>=3,"见Python/P50列","缺口") | H8: =IF(B8>=3,"见Python/P50列","缺口") | I8: =IF(B8>=3,"见Python/P50列","缺口") | J8: 缺口：n<3 不给出分位
A9: W35 | B9: 1 | C9: [2026] | D9: =IF(B9>=3,SUMPRODUCT(('01_周度数据'!$D$5:$D$16=VALUE(SUBSTITUTE(A9,"W","")))*'01_周度数据'!$F$5:$F$16)/MAX(1,SUMPRODUCT(--('01_周度数据'!$D$5:$D$16=VALUE(SUBSTITUTE(A9,"W",""))))),"缺口") | E9: =IF(B9>=3,MIN(IF('01_周度数据'!$D$5:$D$16=VALUE(SUBSTITUTE(A9,"W","")),'01_周度数据'!$F$5:$F$16)),"缺口") | F9: =IF(B9>=3,"见Python/P50列","缺口") | G9: =IF(B9>=3,"见Python/P50列","缺口") | H9: =IF(B9>=3,"见Python/P50列","缺口") | I9: =IF(B9>=3,"见Python/P50列","缺口") | J9: 缺口：n<3 不给出分位
A10: W36 | B10: 1 | C10: [2026] | D10: =IF(B10>=3,SUMPRODUCT(('01_周度数据'!$D$5:$D$16=VALUE(SUBSTITUTE(A10,"W","")))*'01_周度数据'!$F$5:$F$16)/MAX(1,SUMPRODUCT(--('01_周度数据'!$D$5:$D$16=VALUE(SUBSTITUTE(A10,"W",""))))),"缺口") | E10: =IF(B10>=3,MIN(IF('01_周度数据'!$D$5:$D$16=VALUE(SUBSTITUTE(A10,"W","")),'01_周度数据'!$F$5:$F$16)),"缺口") | F10: =IF(B10>=3,"见Python/P50列","缺口") | G10: =IF(B10>=3,"见Python/P50列","缺口") | H10: =IF(B10>=3,"见Python/P50列","缺口") | I10: =IF(B10>=3,"见Python/P50列","缺口") | J10: 缺口：n<3 不给出分位
A11: W37 | B11: 1 | C11: [2026] | D11: =IF(B11>=3,SUMPRODUCT(('01_周度数据'!$D$5:$D$16=VALUE(SUBSTITUTE(A11,"W","")))*'01_周度数据'!$F$5:$F$16)/MAX(1,SUMPRODUCT(--('01_周度数据'!$D$5:$D$16=VALUE(SUBSTITUTE(A11,"W",""))))),"缺口") | E11: =IF(B11>=3,MIN(IF('01_周度数据'!$D$5:$D$16=VALUE(SUBSTITUTE(A11,"W","")),'01_周度数据'!$F$5:$F$16)),"缺口") | F11: =IF(B11>=3,"见Python/P50列","缺口") | G11: =IF(B11>=3,"见Python/P50列","缺口") | H11: =IF(B11>=3,"见Python/P50列","缺口") | I11: =IF(B11>=3,"见Python/P50列","缺口") | J11: 缺口：n<3 不给出分位
A12: W38 | B12: 1 | C12: [2026] | D12: =IF(B12>=3,SUMPRODUCT(('01_周度数据'!$D$5:$D$16=VALUE(SUBSTITUTE(A12,"W","")))*'01_周度数据'!$F$5:$F$16)/MAX(1,SUMPRODUCT(--('01_周度数据'!$D$5:$D$16=VALUE(SUBSTITUTE(A12,"W",""))))),"缺口") | E12: =IF(B12>=3,MIN(IF('01_周度数据'!$D$5:$D$16=VALUE(SUBSTITUTE(A12,"W","")),'01_周度数据'!$F$5:$F$16)),"缺口") | F12: =IF(B12>=3,"见Python/P50列","缺口") | G12: =IF(B12>=3,"见Python/P50列","缺口") | H12: =IF(B12>=3,"见Python/P50列","缺口") | I12: =IF(B12>=3,"见Python/P50列","缺口") | J12: 缺口：n<3 不给出分位
A13: W39 | B13: 1 | C13: [2026] | D13: =IF(B13>=3,SUMPRODUCT(('01_周度数据'!$D$5:$D$16=VALUE(SUBSTITUTE(A13,"W","")))*'01_周度数据'!$F$5:$F$16)/MAX(1,SUMPRODUCT(--('01_周度数据'!$D$5:$D$16=VALUE(SUBSTITUTE(A13,"W",""))))),"缺口") | E13: =IF(B13>=3,MIN(IF('01_周度数据'!$D$5:$D$16=VALUE(SUBSTITUTE(A13,"W","")),'01_周度数据'!$F$5:$F$16)),"缺口") | F13: =IF(B13>=3,"见Python/P50列","缺口") | G13: =IF(B13>=3,"见Python/P50列","缺口") | H13: =IF(B13>=3,"见Python/P50列","缺口") | I13: =IF(B13>=3,"见Python/P50列","缺口") | J13: 缺口：n<3 不给出分位
A14: W40 | B14: 1 | C14: [2026] | D14: =IF(B14>=3,SUMPRODUCT(('01_周度数据'!$D$5:$D$16=VALUE(SUBSTITUTE(A14,"W","")))*'01_周度数据'!$F$5:$F$16)/MAX(1,SUMPRODUCT(--('01_周度数据'!$D$5:$D$16=VALUE(SUBSTITUTE(A14,"W",""))))),"缺口") | E14: =IF(B14>=3,MIN(IF('01_周度数据'!$D$5:$D$16=VALUE(SUBSTITUTE(A14,"W","")),'01_周度数据'!$F$5:$F$16)),"缺口") | F14: =IF(B14>=3,"见Python/P50列","缺口") | G14: =IF(B14>=3,"见Python/P50列","缺口") | H14: =IF(B14>=3,"见Python/P50列","缺口") | I14: =IF(B14>=3,"见Python/P50列","缺口") | J14: 缺口：n<3 不给出分位
A15: W41 | B15: 1 | C15: [2026] | D15: =IF(B15>=3,SUMPRODUCT(('01_周度数据'!$D$5:$D$16=VALUE(SUBSTITUTE(A15,"W","")))*'01_周度数据'!$F$5:$F$16)/MAX(1,SUMPRODUCT(--('01_周度数据'!$D$5:$D$16=VALUE(SUBSTITUTE(A15,"W",""))))),"缺口") | E15: =IF(B15>=3,MIN(IF('01_周度数据'!$D$5:$D$16=VALUE(SUBSTITUTE(A15,"W","")),'01_周度数据'!$F$5:$F$16)),"缺口") | F15: =IF(B15>=3,"见Python/P50列","缺口") | G15: =IF(B15>=3,"见Python/P50列","缺口") | H15: =IF(B15>=3,"见Python/P50列","缺口") | I15: =IF(B15>=3,"见Python/P50列","缺口") | J15: 缺口：n<3 不给出分位
A16: W42 | B16: 1 | C16: [2026] | D16: =IF(B16>=3,SUMPRODUCT(('01_周度数据'!$D$5:$D$16=VALUE(SUBSTITUTE(A16,"W","")))*'01_周度数据'!$F$5:$F$16)/MAX(1,SUMPRODUCT(--('01_周度数据'!$D$5:$D$16=VALUE(SUBSTITUTE(A16,"W",""))))),"缺口") | E16: =IF(B16>=3,MIN(IF('01_周度数据'!$D$5:$D$16=VALUE(SUBSTITUTE(A16,"W","")),'01_周度数据'!$F$5:$F$16)),"缺口") | F16: =IF(B16>=3,"见Python/P50列","缺口") | G16: =IF(B16>=3,"见Python/P50列","缺口") | H16: =IF(B16>=3,"见Python/P50列","缺口") | I16: =IF(B16>=3,"见Python/P50列","缺口") | J16: 缺口：n<3 不给出分位

Sheet 05_今年逐周定位
A1: 2026 年逐周：位置、4 周与 12 周变化
A2: 位置指标（分位、z 值）需要 ≥3 年同周样本才有意义；当前为 1，故位置列显示“缺口”。4 周/12 周变化只用本年内真实观测相减，不做任何平滑。
A4: 周期截止日 | B4: ISO周 | C4: 整体% | D4: 同周历史n | E4: 同周均值 | F4: 同周P50 | G4: 低于本周的历史占比 | H4: 4周变化(pp) | I4: 12周变化(pp) | J4: 位置判定
A5: 2026-07-24 | B5: W30 | C5: 70.14 | D5: 1 | E5: 70.14 | F5: 缺口 | G5: 缺口 | H5: 缺口 | I5: 缺口 | J5: 同周无历史样本 → 无法给出分位位置
A6: 2026-08-07 | B6: W32 | C6: 71.9 | D6: 1 | E6: 71.9 | F6: 缺口 | G6: 缺口 | H6: 缺口 | I6: 缺口 | J6: 同周无历史样本 → 无法给出分位位置
A7: 2026-08-14 | B7: W33 | C7: 73.76 | D7: 1 | E7: 73.76 | F7: 缺口 | G7: 缺口 | H7: 缺口 | I7: 缺口 | J7: 同周无历史样本 → 无法给出分位位置
A8: 2026-08-20 | B8: W34 | C8: 70.68 | D8: 1 | E8: 70.68 | F8: 缺口 | G8: 缺口 | H8: 缺口 | I8: 缺口 | J8: 同周无历史样本 → 无法给出分位位置
A9: 2026-08-27 | B9: W35 | C9: 68.22 | D9: 1 | E9: 68.22 | F9: 缺口 | G9: 缺口 | H9: =IF(ROW()<9,"缺口",ROUND(C9-C5,2)) | I9: 缺口 | J9: 同周无历史样本 → 无法给出分位位置
A10: 2026-09-03 | B10: W36 | C10: 68.3 | D10: 1 | E10: 68.3 | F10: 缺口 | G10: 缺口 | H10: =IF(ROW()<9,"缺口",ROUND(C10-C6,2)) | I10: 缺口 | J10: 同周无历史样本 → 无法给出分位位置
A11: 2026-09-10 | B11: W37 | C11: 69.89 | D11: 1 | E11: 69.89 | F11: 缺口 | G11: 缺口 | H11: =IF(ROW()<9,"缺口",ROUND(C11-C7,2)) | I11: 缺口 | J11: 同周无历史样本 → 无法给出分位位置
A12: 2026-09-17 | B12: W38 | C12: 69.23 | D12: 1 | E12: 69.23 | F12: 缺口 | G12: 缺口 | H12: =IF(ROW()<9,"缺口",ROUND(C12-C8,2)) | I12: 缺口 | J12: 同周无历史样本 → 无法给出分位位置
A13: 2026-09-24 | B13: W39 | C13: 66.74 | D13: 1 | E13: 66.74 | F13: 缺口 | G13: 缺口 | H13: =IF(ROW()<9,"缺口",ROUND(C13-C9,2)) | I13: 缺口 | J13: 同周无历史样本 → 无法给出分位位置
A14: 2026-10-01 | B14: W40 | C14: 66.14 | D14: 1 | E14: 66.14 | F14: 缺口 | G14: 缺口 | H14: =IF(ROW()<9,"缺口",ROUND(C14-C10,2)) | I14: 缺口 | J14: 同周无历史样本 → 无法给出分位位置
A15: 2026-10-08 | B15: W41 | C15: 66.26 | D15: 1 | E15: 66.26 | F15: 缺口 | G15: 缺口 | H15: =IF(ROW()<9,"缺口",ROUND(C15-C11,2)) | I15: 缺口 | J15: 同周无历史样本 → 无法给出分位位置
A16: 2026-10-15 | B16: W42 | C16: 64.59 | D16: 1 | E16: 64.59 | F16: 缺口 | G16: 缺口 | H16: =IF(ROW()<9,"缺口",ROUND(C16-C12,2)) | I16: 缺口 | J16: 同周无历史样本 → 无法给出分位位置

Sheet 06_跨年同期对照
A1: 与历年可核验同期值的对照（同口径锚点）
A2: 只有“同发布方、同指标、同定义”的单周观测才能进这张表。卓创/钢联的开工负荷率列在下一张表，不参与任何对比计算。
A4: 数据集周 | B4: 数据集值% | C4: 对照周 | D4: 对照值% | E4: 差值(pp) | F4: 对照来源 | G4: 口径 | H4: URL | I4: 结论标注
A5: 2026-10-15 | B5: 64.59 | C5: 20250704 | D5: 77.44 | E5: =B5-D5 | F5: 新华财经（转引隆众资讯快讯） | G5: 隆众口径·与主样本同源同定义 | H5: https://m.cnfin.com/kx//zixun/20250704/4262569_1.html | I5: 非同周号，仅作水平量级参照（相距约 14 周），不得当作“同周同比”
A6: 2026-10-15 | B6: 64.59 | C6: 20261015 | D6: 64.59 | E6: =B6-D6 | F6: 隆众资讯速讯（mysteel 转载） | G6: 隆众口径·与主样本同源同定义 | H6: https://www.mysteel.com/oilchem/a/26101608/87AD42ED0F95C49B.html | I6: 同一周号，可直接比较

Sheet 07_异口径对照
A1: 异口径数据登记（严禁并入主序列）
A2: 同一周，不同发布方的“开工率”可以差 1~3 个百分点，因为样本、权重与定义不同。把它们拼成一条线会造成虚假的“季节性”，因此只登记、不参与计算。
A4: 周 | B4: 发布方/口径 | C4: 整体值% | D4: 电石法% | E4: 乙烯法% | F4: 与隆众的差异量级 | G4: URL | H4: 禁止事项
A5: 20261016 | B5: 钢联数据（媒体转引，口径为“开工负荷率”）（异口径·仅作方向性对照，禁止并入隆众序列） | C5: 61.5 | D5: 缺口 | E5: 缺口 | F5: 同周可差 1~3pp，方向性对照可以，数值相减不可以 | G5: https://m.sohu.com/a/1089270473_122014422 | H5: 禁止并入 01_周度数据；禁止与隆众值相互做同比/环比
A6: 20260618 | B6: 卓创资讯（开工负荷率，媒体转引）（异口径·开工负荷率，禁止并入隆众序列） | C6: 65.83 | D6: 76.03 | E6: 43.01 | F6: 同周可差 1~3pp，方向性对照可以，数值相减不可以 | G6: https://www.18qh.com/zixun/c-2026-06-16-4458608.html | H6: 禁止并入 01_周度数据；禁止与隆众值相互做同比/环比
A7: 20260225 | B7: 媒体转引“隆众资讯 1 月月度产能利用率预估”（月度口径（非周度）·仅供量级参考） | C7: 78.98 | D7: 79.76 | E7: 77.14 | F7: 同周可差 1~3pp，方向性对照可以，数值相减不可以 | G7: https://finance.eastmoney.com/a/202602023638017289.html | H7: 禁止并入 01_周度数据；禁止与隆众值相互做同比/环比
A8: 20260312 | B8: 卓创资讯（开工负荷率，证券时报转引）（异口径·且统计周期为周五至次周四的另一口径，禁止并入） | C8: 78.49 | D8: 81.89 | E8: 71 | F8: 同周可差 1~3pp，方向性对照可以，数值相减不可以 | G8: https://stcn.com/article/detail/3682252.html | H8: 禁止并入 01_周度数据；禁止与隆众值相互做同比/环比
A9: 20260827 | B9: 卓创资讯（媒体转引）（异口径·同文“开工率/产能利用率”混用，禁止并入） | C9: 66.69 | D9: 68.42 | E9: 62.81 | F9: 同周可差 1~3pp，方向性对照可以，数值相减不可以 | G9: https://qhweb.eastmoney.com/news/202608313859559837.html | H9: 禁止并入 01_周度数据；禁止与隆众值相互做同比/环比

Sheet 08_计算公式
A1: 口径、公式与复算说明
A2: 审核者可按本表用原始数据独立复算每一个结论。
A4: 指标 | B4: 公式/口径 | C4: Excel 写法 | D4: Python 写法 | E4: 注意事项
A5: 产能利用率（样本） | B5: 样本企业周产量 ÷ 样本企业有效产能 × 100%；有效产能每年年底剔除连续停车≥2 年产能 | C5: =样本周产量/样本有效产能 | D5: util = qty / eff_cap * 100 | E5: 分子分母必须来自同一套样本，否则无效
A6: 环比（隆众口径） | B6: 本期值 − 上一**发布日**值 | C6: =C_t-C_{t-1} | D6: v[t]-v[t-1] | E6: ★不是 ISO 周-1；发布节奏跳跃时会错配（本项目已踩坑）
A7: 同比（隆众口径） | B7: 本期值 − 上年**同一发布日**当周值 | C7: =C_t-C_{t-52} | D7: v[t]-v[t-52] | E7: 跨年周号会漂移，52 周近似必须注明
A8: 经验分位数 | B8: 线性插值：pos=(n-1)p，取相邻两点线性插值 | C8: =PERCENTILE.INC(区域, q) | D8: numpy.percentile(a, q*100, method="linear") | E8: =R quantile(type=7)；与 PERCENTILE.EXC 不同，勿混用
A9: 中位数 | B9: P50 | C9: =MEDIAN(区域) | D9: numpy.percentile(a,50) | E9: 与均值并列报告：均值易被单周异常拉偏
A10: 跨年同周均值 | B10: 同一 ISO 周号在各年份观测的算术平均 | C10: =AVERAGEIF(周号区域, 本周号, 值区域) | D10: groupby(iso_week).mean() | E10: n<3 不出分位；n<5 结论要写“样本不足”
A11: 季节性强度 | B11: seasonal_ss_share = 组间平方和 ÷ 总平方和 | C11: =1-DEVSQ(全部)/…（建议 Python 算） | D11: SSR/SST via one-way ANOVA | E11: 周次解释力；样本年份少时会虚高，必须同时报 n 与年份
A12: 位置（低于本周的历史占比） | B12: 历史同周观测中严格小于本周值的个数 ÷ 历史 n | C12: =COUNTIF(区域,"<"&本周值)/COUNT(区域) | D12: (hist < v).mean() | E12: n<3 无意义，只显示“缺口”
A13: 4 周变化 | B13: 本周值 − 第 4 个观测前（不是 4 个自然周） | C13: =C_t-C_{t-4} | D13: v[t]-v[t-4] | E13: 有断档时必须按“观测序”而非“日历周”，否则会跨过缺口
A14: 12 周变化 | B14: 本周值 − 第 12 个观测前 | C14: =C_t-C_{t-12} | D14: v[t]-v[t-12] | E14: 同上；本数据集仅 12 个观测，12 周变化只有最后一周可算
A15: 不可做的换算 | B15: 严禁 利用率×产能 = 全行业实际产量 | C15: — | D15: — | E15: 样本覆盖率<100% 且口径为“有效产能”，与实际统计口径（规上工业/氯碱协会）不同

Sheet 09_缺口与复现
A1: 数据缺口登记 + 复现路径
A2: “没拿到”和“不存在”是两件事，本表把每处缺口的原因、已尝试路径、补救办法写清楚。
A4: 缺口 | B4: 范围 | C4: 为什么缺 | D4: 已尝试的获取路径及结果 | E4: 补救办法（按优先级） | F4: 对结论的影响
A5: 2026-W01 ~ W29 周度值 | B5: 29 个周号 | C5: 隆众原文正文对非会员隐藏；mysteel 转载仅保留近 7 期在栏目页 | D5: ① myteel 栏目分页 index_N.html → 近 1 期后即触发验证码；② list.oilchem.net/381/38021 分页 → 可枚举标题但正文需会员；③ 文章ID 16 位随机十六进制 → 不可枚举；④ 图表接口仅回传 13 周窗口；⑤ Bing/百度 反爬 | E5: ① 直接读图表接口 pageListIds 系列（可拿 13 周滚动窗口，长期滚动抓取即可攒满）；② 采购隆众/卓创数据终端；③ 用券商研报里的公开摘要做单周锚点 | F5: 无法出具“2026 全年季节性曲线”，也无法做 5 年分位区间
A6: 2025 及更早的逐周序列 | B6: 5 年目标 | C6: 同上；且历史文章列表已被归档 | D6: 新华财经/中国金融信息网快讯可检索到单周原句（已取到 2025-07-04） | E6: 按“单周锚点”逐个补，每条带 URL；攒够 3 年即可算同周分位 | F6: 跨年同期比较只能点对点，不能给区间
A7: 春节效应的量化 | B7: 2 月各周 | C7: 缺 2021-2025 年 2 月的逐周值 | D7: 已确认春节日期表（2021-02-12 … 2026-02-17） | E7: 补 2 月逐周数据后，用“春节相对周”对齐重算 | F7: 本期只能做机制解释，不能给数值结论
A8: 分工艺（电石法/乙烯法）历史 | B8: 全部历史 | C8: 快讯正文对非会员隐藏，仅近 7 期可见 | D8: 图表接口 ID01037485/ID01037486 提供 13 周双口径 | E8: 同主序列，靠滚动抓取积累 | F8: 分工艺季节性无法在本期出结论

Sheet 10_来源清单
A1: 逐条来源与原文摘录（可复制粘贴验证）
A2: 每条结论都必须能追到这一行。没有这一行的数字，不进报告。
A4: 编号 | B4: 发布方/口径 | C4: 周 | D4: 指标 | E4: 值 | F4: 原文摘录 / URL
A5: M1 | B5: 隆众资讯（转载于 myteel.com） | C5: 20261015 | D5: 整体产能利用率 | E5: 64.59 | F5: 本周PVC生产企业产能利用率在64.59%，环比减少1.67%，同比减少12.10%；其中电石法在69.66%，环比减少2.62%，同比减少5.05%，乙烯法在52.78%，环比增加0.57%，同比减少28.48% https://www.mysteel.com/oilchem/a/26101608/87AD42ED0F95C49B.html
A6: M2 | B6: 隆众资讯（转载于 myteel.com） | C6: 20261015 | D6: 电石法产能利用率 | E6: 69.66 | F6: 电石法在69.66%，环比减少2.62%，同比减少5.05% https://www.mysteel.com/oilchem/a/26101608/87AD42ED0F95C49B.html
A7: M3 | B7: 隆众资讯（转载于 myteel.com） | C7: 20261015 | D7: 乙烯法产能利用率 | E7: 52.78 | F7: 乙烯法在52.78%，环比增加0.57%，同比减少28.48% https://www.mysteel.com/oilchem/a/26101608/87AD42ED0F95C49B.html
A8: M4 | B8: 隆众资讯图表接口（mysteel.com/pvczq 数据可视化组件 ID01230780） | C8: 20260807 | D8: 整体产能利用率 | E8: 73.76 | F8: xaxis 2026-08-07 -> yaxis 73.76（PVC周度产能利用率） https://api.mysteel.com/publishd/page/pageListIndexCharts?pageListIds=6466
A9: M5 | B9: 同 M4（ID01037485） | C9: 20260807 | D9: 电石法产能利用率 | E9: 75.89 | F9: xaxis 2026-08-07 -> yaxis 75.89（电石法PVC周度产能利用率） https://api.mysteel.com/publishd/page/pageListIndexCharts?pageListIds=6466
A10: M6 | B10: 同 M4（ID01037486） | C10: 20260807 | D10: 乙烯法产能利用率 | E10: 68.78 | F10: xaxis 2026-08-07 -> yaxis 68.78（乙烯法PVC周度产能利用率） https://api.mysteel.com/publishd/page/pageListIndexCharts?pageListIds=6466
A11: Z1 | B11: 卓创资讯开工负荷率（媒体转引，期货公司或财经媒体） | C11: 20260618 | D11: PVC粉整体开工负荷率 | E11: 65.83 | F11: 本期PVC粉整体开工负荷率为65.83%，环比上期+0.91%；其中电石法PVC粉开工负荷率为76.03%，乙烯法PVC粉开工负荷率为43.01% https://www.18qh.com/zixun/c-2026-06-16-4458608.html
A12: Z2 | B12: 卓创资讯开工负荷率（媒体转引） | C12: 20260827 | D12: PVC粉整体产能利用率 | E12: 66.69 | F12: 截至8月27日当周，国内PVC粉整体产能利用率回落至66.69%，环比下降1.68个百分点；电石法开工率为68.42%，乙烯法开工率为62.81% https://qhweb.eastmoney.com/news/202608313859559837.html
A13: Z3 | B13: 卓创资讯（转引，中国经营报系） | C13: 20260930 | D13: 乙烯法产能利用率 | E13: 54.48 | F13: 9月PVC检修企业产能规模在1119万吨，同比增加40.75%；截止9月底乙烯法产能利用率降至54.48%，同比减少25.27% https://www.sohu.com/a/1087271906_121123900
A14: B1 | B14: 钢联/卓创混合引用（搜狐期货评述） | C14: 20261016 | D14: PVC整体开工负荷 | E14: 61.5 | F14: 钢联数据显示本周PVC整体开工负荷率61.5%，环比-2.99% https://m.sohu.com/a/1089270473_122014422
A15: W20260724 | B15: 隆众口径·周度 | C15: 20260724 | D15: 整体产能利用率 | E15: 70.14 | F15: 仅图表接口（ID01230780/ID01037485/ID01037486）回传的13周窗口起点；当期速讯原文不可得，环比/同比/样本数未披露 https://api.mysteel.com/publishd/page/pageListIndexCharts?pageListIds=6466
A16: W20260807 | B16: 隆众口径·周度 | C16: 20260807 | D16: 整体产能利用率 | E16: 71.9 | F16: 图表接口；原文不可得；样本数与产能基数未披露 https://api.mysteel.com/publishd/page/pageListIndexCharts?pageListIds=6466
... A26: W20261015 | B26: 隆众口径·71家样本·周度 | C26: 20261015 | D26: 整体产能利用率 | E26: 64.59 | F26: 原文“样本说明”覆盖71家；数据分析稿注明基数2878.5万吨/年 https://www.mysteel.com/oilchem/a/26101608/87AD42ED0F95C49B.html

Sheet 11_结论卡
A1: 结论与限定条件（对外引用请连限定条件一起引用）
A2: 每条结论后面必须写明“在什么数据条件下成立”。
A4: 结论 | B4: 数值/方向 | C4: 成立条件（数据） | D4: 如果不能成立时怎么写
A5: 最新一周处于年内低位 | B5: 64.59%（20261015） | C5: 2026 年内 12 个观测中最低 | D5: 若后续周度回升，需同步更新
A6: 近 12 周整体下行 | B6: −4.64pp（W30 70.14% → W42 64.59%） | C6: 按观测序相减，中间有 1 处 14 天断档（W31 缺失） | D6: 断档若补齐，幅度可能略有不同
A7: 电石法与乙烯法明显分化 | B7: 电石法 69.66%，乙烯法 52.78%，差 16.88pp | C7: 两者同期同比分别为 −5.05% 与 −28.48% | D7: 只能说明“乙烯法减产更猛”，不能推全国产量降幅
A8: 同比仍在明显下滑 | B8: 整体 −12.10%，乙烯法 −28.48%（原文披露） | C8: 原文同比口径为“上年同一发布日当周” | D8: 未做口径换算，不可与其他机构同比直接比
A9: 与 2025 年同期锚点相比处于低位 | B9: 2025-07-04 77.44% vs 现在 64.59%，低 12.85pp | C9: 两值为同一隆众口径；但非同周号，属量级参照 | D9: 不得表述为“同周同比下降 12.85pp”
A10: 季节性本身无法在本期判定 | B10: seasonal_ss_share=1.0，但跨年观测仅 1 个年份 | C10: 周次解释力在单年数据上必然接近 1，属伪显著 | D10: 要出季节性结论，必须补齐 ≥3 年逐周数据
