Workbook

Sheet 00封面与口径
A1: 华东甲醇现货价格季节性 · 价格季节性分析
A2: 历史已实现季节性 · 不是对未来价格的预测 · 生成于 2026-10-21 09:20
A4: 用途 | B4: 看清某品种/地区/合约在一年中同一周/月的历史价格分布位置，服务于价差与量化研究
A5: 需求口径 | B5: 华东地区 甲醇现货价格
A6: 实际口径 | B6: 生意社甲醇基准价 —— 全国口径·含税·交易指导价（元/吨）
A7: 口径是否降级 | B7: 是（已在全篇声明，不得把实际口径改写为需求口径）
A8: 降级原因/说明 | B8: 华东/太仓区域现货 10 年历史在免费公开渠道不可得（隆众、卓创接口需付费订阅）；本次取得的是生意社基准价的全国口径。该口径适用于全国价格水平的季节性判断，但不能用于区域价差、交割地贴水等区域特征推断。
A9: 单位 / 税基 | B9: 元/吨 / 含税
A10: 样本区间 | B10: 2022-08-17 → 2026-10-20
A11: 自然日报价点数 | B11: 1083
A12: 申请样本年数 | B12: 10
A13: 实际覆盖年数 | B13: 5
A14: 覆盖年份 | B14: 2022, 2023, 2024, 2025, 2026
A15: 月度完整年份(12个月都有数据) | B15: 2023, 2024, 2025, 2026
A16: 周度对齐规则 | B16: ISO 8601 周(周一为首日)；周值 = 该周最后一个有报价日；ISO 第53周折叠入第52周
A17: 月度对齐规则 | B17: 自然月；月值 = 该月最后一个有报价日
A18: 缺失处理 | B18: 不插值、不前值填充、不删除样本；缺口逐条列于「11数据缺口」
A19: 分位算法 | B19: 经验分位线性插值 = Excel PERCENTILE.INC (等价 numpy default / R type 7)
A20: 统计样本门槛 | B20: 同一位置有效年数 < 3 年 → 标记样本不足，不参与形态判断
A21: 季节性强度 R² | B21: 周度 13.8% · 月度 12.3%（季节性弱，年份间价格水平漂移主导）
A22: 使用边界 | B22: 仅描述历史分布；季节形态弱时不可作为价位判断依据；各位置样本仅数年，分位不确定性大
A23: 异常年处理 | B23: 自动识别并给出证据，但**不删除**任何年份；是否剔除由研究者决定并记录

Sheet 01日度价格
A1: 01 日度原始报价（逐行可追溯）
A2: 每条记录保留原文链接；缺失日期不出现（不补造）。共 1083 条
A3: 序号 | B3: 日期 | C3: 星期 | D3: 价格 | E3: ISO年 | F3: ISO周 | G3: 发布日 | H3: 来源链接 | I3: 标题
A4: 1 | B4: 2022-08-17 | C4: 三 | D4: 2425 | E4: 2022 | F4: 33 | G4: 2022-08-17 | H4: https://www.100ppi.com/news/detail-20220817-2246847.html | I4: 8月17日生意社甲醇基准价为2425.00元/吨
A5: 2 | B5: 2022-08-18 | C5: 四 | D5: 2432.5 | E5: 2022 | F5: 33 | G5: 2022-08-18 | H5: https://www.100ppi.com/news/detail-20220818-2248551.html | I5: 8月18日生意社甲醇基准价为2432.50元/吨
A6: 3 | B6: 2022-08-19 | C6: 五 | D6: 2438.75 | E6: 2022 | F6: 33 | G6: 2022-08-19 | H6: https://www.100ppi.com/news/detail-20220819-2250235.html | I6: 8月19日生意社甲醇基准价为2438.75元/吨
A7: 4 | B7: 2022-08-22 | C7: 一 | D7: 2458.75 | E7: 2022 | F7: 34 | G7: 2022-08-22 | H7: https://www.100ppi.com/news/detail-20220822-2253307.html | I7: 8月22日生意社甲醇基准价为2458.75元/吨
A8: 5 | B8: 2022-08-23 | C8: 二 | D8: 2475 | E8: 2022 | F8: 34 | G8: 2022-08-23 | H8: https://www.100ppi.com/news/detail-20220823-2255137.html | I8: 8月23日生意社甲醇基准价为2475.00元/吨
A9: 6 | B9: 2022-08-24 | C9: 三 | D9: 2483.33 | E9: 2022 | F9: 34 | G9: 2022-08-24 | H9: https://www.100ppi.com/news/detail-20220824-2256779.html | I9: 8月24日生意社甲醇基准价为2483.33元/吨
A10: 7 | B10: 2022-08-25 | C10: 四 | D10: 2512.5 | E10: 2022 | F10: 34 | G10: 2022-08-25 | H10: https://www.100ppi.com/news/detail-20220825-2258482.html | I10: 8月25日生意社甲醇基准价为2512.50元/吨
A11: 8 | B11: 2022-08-26 | C11: 五 | D11: 2568.75 | E11: 2022 | F11: 34 | G11: 2022-08-26 | H11: https://www.100ppi.com/news/detail-20220826-2260191.html | I11: 8月26日生意社甲醇基准价为2568.75元/吨
A12: 9 | B12: 2022-08-29 | C12: 一 | D12: 2539 | E12: 2022 | F12: 35 | G12: 2022-08-29 | H12: https://www.100ppi.com/news/detail-20220829-2263271.html | I12: 8月29日生意社甲醇基准价为2539.00元/吨
A13: 10 | B13: 2022-08-30 | C13: 二 | D13: 2550 | E13: 2022 | F13: 35 | G13: 2022-08-30 | H13: https://www.100ppi.com/news/detail-20220830-2265052.html | I13: 8月30日生意社甲醇基准价为2550.00元/吨
A14: 11 | B14: 2022-08-31 | C14: 三 | D14: 2540 | E14: 2022 | F14: 35 | G14: 2022-08-31 | H14: https://www.100ppi.com/news/detail-20220831-2266741.html | I14: 8月31日生意社甲醇基准价为2540.00元/吨
A15: 12 | B15: 2022-09-01 | C15: 四 | D15: 2528 | E15: 2022 | F15: 35 | G15: 2022-09-01 | H15: https://www.100ppi.com/news/detail-20220901-2268454.html | I15: 9月1日生意社甲醇基准价为2528.00元/吨
... A1086: 1083 | B1086: 2026-10-20 | C1086: 二 | D1086: 3966.67 | E1086: 2026 | F1086: 43 | G1086: 2026-10-20 | H1086: https://www.100ppi.com/news/detail-20261020-6368678.html | I1086: 10月20日生意社甲醇基准价为3966.67元/吨

Sheet 02周度面板
A1: 02 周度面板：年份 × ISO 周（每年一条独立轨迹）
A2: 每格 = 该 ISO 周最后一个有报价日的价格；空白 = 该年该周无数据（未补造）
A3: 年份 | B3: W01 | C3: W02 | D3: W03 | E3: W04 | F3: W05 | G3: W06 | H3: W07 | I3: W08 | J3: W09 | K3: W10 | L3: W11 | M3: W12 | N3: W13 | O3: W14 | P3: W15 | Q3: W16 | R3: W17 | S3: W18 | T3: W19 | U3: W20 | V3: W21 | W3: W22 | X3: W23 | Y3: W24 | Z3: W25 | AA3: W26 | AB3: W27 | AC3: W28 | AD3: W29 | AE3: W30 | AF3: W31 | AG3: W32 | AH3: W33 | AI3: W34 | AJ3: W35 | AK3: W36 | AL3: W37 | AM3: W38 | AN3: W39 | AO3: W40 | AP3: W41 | AQ3: W42 | AR3: W43 | AS3: W44 | AT3: W45 | AU3: W46 | AV3: W47 | AW3: W48 | AX3: W49 | AY3: W50 | AZ3: W51 | BA3: W52 | BB3: 报价天数 | BC3: 首个位置 | BD3: 末个位置 | BE3: 覆盖说明
A4: 2022 | AH4: 2438.75 | AI4: 2568.75 | AJ4: 2553.75 | AK4: 2712.5 | AL4: 2770 | AM4: 2766 | AN4: 3012.5 | AO4: 3105 | AP4: 2862.5 | AQ4: 2894 | AR4: 2800 | AS4: 2851 | AT4: 2691.67 | AU4: 2800 | AV4: 2785.83 | AW4: 2681.67 | AX4: 2631.67 | AY4: 2678.33 | AZ4: 2600 | BA4: 2631.67 | BB4: 93 | BC4: 33 | BD4: 52 | BE4: 部分年份（缺前段/后段）
A5: 2023 | B5: 2671.67 | C5: 2635.83 | D5: 2690 | E5: 2690 | F5: 2723.33 | G5: 2711.43 | H5: 2711.43 | I5: 2762.5 | J5: 2701.67 | K5: 2638.33 | L5: 2575.83 | M5: 2610 | N5: 2543.33 | O5: 2473.33 | P5: 2471.67 | Q5: 2550 | R5: 2488.33 | S5: 2411.67 | T5: 2360 | U5: 2343.33 | V5: 2135.83 | W5: 2161.67 | X5: 2085.83 | Y5: 2060 | Z5: 2091.67 | AA5: 2161.67 | AB5: 2155.83 | AC5: 2250 | AD5: 2245.83 | AE5: 2250.83 | AF5: 2330.83 | AG5: 2366.67 | AH5: 2355.83 | AI5: 2455.83 | AJ5: 2525 | AK5: 2499.17 | AL5: 2527.5 | AM5: 2539.17 | AN5: 2478.33 | AO5: 2478.33 | AP5: 2480 | AQ5: 2450 | AR5: 2430 | AS5: 2410 | AT5: 2505.83 | AU5: 2495.83 | AV5: 2365.83 | AW5: 2510.83 | AX5: 2455 | AY5: 2420.83 | AZ5: 2485.83 | BA5: 2456.67 | BB5: 259 | BC5: 1 | BD5: 52 | BE5: 完整覆盖
A6: 2024 | B6: 2414.17 | C6: 2415.83 | D6: 2447.5 | E6: 2615.83 | F6: 2561.67 | G6: 2640 | H6: 2640 | I6: 2635.83 | J6: 2730 | K6: 2711.67 | L6: 2710 | M6: 2685.83 | N6: 2583.33 | O6: 2610 | P6: 2580 | Q6: 2691.67 | R6: 2611.67 | S6: 2651.67 | T6: 2670 | U6: 2864.17 | V6: 2758.33 | W6: 2800 | X6: 2620 | Y6: 2560 | Z6: 2526.67 | AA6: 2530 | AB6: 2540 | AC6: 2550 | AD6: 2525.83 | AE6: 2510 | AF6: 2510 | AG6: 2471.67 | AH6: 2411.67 | AI6: 2481.67 | AJ6: 2495.83 | AK6: 2385.83 | AL6: 2405.83 | AM6: 2440 | AN6: 2440.83 | AO6: 2577.5 | AP6: 2505.83 | AQ6: 2456.67 | AR6: 2440 | AS6: 2485 | AT6: 2499.17 | AU6: 2475 | AV6: 2550 | AW6: 2538.33 | AX6: 2482.5 | AY6: 2595.83 | AZ6: 2625 | BA6: 2750 | BB6: 260 | BC6: 1 | BD6: 52 | BE6: 完整覆盖
A7: 2025 | B7: 2779.17 | C7: 2674.17 | D7: 2710 | E7: 2630 | F7: 2635.83 | G7: 2650 | H7: 2604.17 | I7: 2595 | J7: 2634.17 | K7: 2649.17 | L7: 2628.33 | M7: 2694.17 | N7: 2690 | O7: 2550 | P7: 2537.5 | Q7: 2403.75 | R7: 2420 | S7: 2440 | T7: 2390 | U7: 2426.25 | V7: 2312.5 | W7: 2247 | X7: 2302 | Y7: 2362 | Z7: 2764 | AA7: 2750.83 | AB7: 2474.17 | AC7: 2397.5 | AD7: 2391.67 | AE7: 2459.17 | AF7: 2393.33 | AG7: 2380.83 | AH7: 2346.67 | AI7: 2308.83 | AJ7: 2245.83 | AK7: 2245.83 | AL7: 2290 | AM7: 2261.67 | AN7: 2253.75 | AO7: 2237.5 | AP7: 2232.5 | AQ7: 2324 | AR7: 2256 | AS7: 2176 | AT7: 2096 | AU7: 2078 | AV7: 2002 | AW7: 2103.33 | AX7: 2100 | AY7: 2104.17 | AZ7: 2157.5 | BA7: 2150 | BB7: 259 | BC7: 1 | BD7: 52 | BE7: 完整覆盖
A8: 2026 | B8: 2207.5 | C8: 2240.83 | D8: 2250.83 | E8: 2225.83 | F8: 2284.17 | G8: 2200 | H8: 2225 | I8: 2201.67 | J8: 2185.83 | K8: 2500 | L8: 2750 | M8: 3170 | N8: 3286.67 | O8: 3346.67 | P8: 3386.67 | Q8: 3393.33 | R8: 3256.67 | S8: 3295.83 | T8: 3170 | U8: 3100 | V8: 3215.83 | W8: 3128.33 | X8: 3186.67 | Y8: 3441.67 | Z8: 2916.67 | AA8: 2713.33 | AB8: 2545.83 | AC8: 2650 | AD8: 2656.67 | AE8: 2750 | AF8: 2665 | AG8: 2531.67 | AH8: 2668.33 | AI8: 2875.83 | AJ8: 2850.83 | AK8: 3349.17 | AL8: 3726.67 | AM8: 4030 | AN8: 4110 | AO8: 4493.33 | AP8: 4733.33 | AQ8: 3990 | AR8: 3966.67 | BB8: 212 | BC8: 1 | BD8: 43 | BE8: 部分年份（缺前段/后段）

Sheet 03月度面板
A1: 03 月度面板：年份 × 月
A2: 每格 = 该月最后一个有报价日的价格；空白 = 该月无数据
A3: 年份 | B3: 01月 | C3: 02月 | D3: 03月 | E3: 04月 | F3: 05月 | G3: 06月 | H3: 07月 | I3: 08月 | J3: 09月 | K3: 10月 | L3: 11月 | M3: 12月 | N3: 报价天数 | O3: 首个位置 | P3: 末个位置 | Q3: 覆盖说明
A4: 2022 | I4: 2540 | J4: 3012.5 | K4: 2800 | L4: 2785.83 | M4: 2631.67 | N4: 93 | O4: 8 | P4: 12 | Q4: 部分年份（缺前段/后段）
A5: 2023 | B5: 2768.75 | C5: 2780.83 | D5: 2543.33 | E5: 2488.33 | F5: 2175 | G5: 2161.67 | H5: 2281.67 | I5: 2541.67 | J5: 2478.33 | K5: 2457.5 | L5: 2435.83 | M5: 2456.67 | N5: 259 | O5: 1 | P5: 12 | Q5: 部分年份（缺前段/后段）
A6: 2024 | B6: 2571.67 | C6: 2741.67 | D6: 2583.33 | E6: 2649.17 | F6: 2800 | G6: 2530 | H6: 2465.83 | I6: 2495.83 | J6: 2518.33 | K6: 2440 | L6: 2538.33 | M6: 2745.83 | N6: 262 | O6: 1 | P6: 12 | Q6: 部分年份（缺前段/后段）
A7: 2025 | B7: 2635.83 | C7: 2634.17 | D7: 2654.17 | E7: 2437.5 | F7: 2247 | G7: 2785.83 | H7: 2416.67 | I7: 2245.83 | J7: 2260 | K7: 2176 | L7: 2103.33 | M7: 2200 | N7: 260 | O7: 1 | P7: 12 | Q7: 部分年份（缺前段/后段）
A8: 2026 | B8: 2284.17 | C8: 2185.83 | D8: 3460 | E8: 3292.5 | F8: 3128.33 | G8: 2813.33 | H8: 2665 | I8: 2921.67 | J8: 4585 | K8: 3966.67 | N8: 209 | O8: 1 | P8: 10 | Q8: 部分年份（缺前段/后段）

Sheet 04周次映射规则
A1: 04 周次对齐规则（周次不能跨年直接比，必须按 ISO 周对齐）
A2: 本表说明每个 x 位置是怎么定义的，以及每年实际覆盖到哪一周
A4: 周度 x 轴 | B4: ISO 8601 周次 1..52（周一为首日）。ISO 周 53 折叠入第 52 周，使各年份可同年比较。
A5: 周值定义 | B5: 该 ISO 周内最后一个有报价工作日的价格（周内其余日只用于计算周均值/周高低）。
A6: 为什么不用自然周 | B6: 自然周会跨年错位（如 2024 第 1 周与 2025 第 1 周不是同一时点），跨年比较会产生伪季节性。
A7: 月度 x 轴 | B7: 自然月 1..12；月值 = 该月最后一个有报价日；另存月均值与月内天数。
A8: 春节/长假 | B8: 长假所在周报价日可能仅 1–3 天。本报告不剔除该周，也不补造；如样本量不足会触发样本门槛。如需规避，可在 config 里把该周设为排除位置（excluded_positions）。
A9: 缺报处理 | B9: 工作日无报价：保留为空，不插值、不前值填充；在「11数据缺口」逐条列出。
A10: 窗口 | B10: W1..W52（全年）。若只关心某个季度，把 window_start_iso_week / quarter_end_iso_week 改成 1..13 等。
A11: 归一化 | B11: 每年以该年窗口内第一个有效观测为 100（不是 1 月 1 日插值）。
A13: 逐年实际覆盖（首/末 ISO 周与报价天数）
A14: 年份 | B14: 首个ISO周 | C14: 末个ISO周 | D14: 首日 | E14: 末日 | F14: 有效位置数 | G14: 报价天数 | H14: 内部缺口(周) | I14: 覆盖说明
A15: 2022 | B15: 33 | C15: 52 | D15: 2022-08-17 | E15: 2022-12-30 | F15: 20 | G15: 93 | H15: 0 | I15: 部分年份（缺前段/后段）
A16: 2023 | B16: 1 | C16: 52 | D16: 2023-01-02 | E16: 2023-12-29 | F16: 52 | G16: 259 | H16: 0 | I16: 完整覆盖
A17: 2024 | B17: 1 | C17: 52 | D17: 2024-01-01 | E17: 2024-12-27 | F17: 52 | G17: 260 | H17: 0 | I17: 完整覆盖
A18: 2025 | B18: 1 | C18: 52 | D18: 2024-12-30 | E18: 2025-12-26 | F18: 52 | G18: 259 | H18: 0 | I18: 完整覆盖
A19: 2026 | B19: 1 | C19: 43 | D19: 2025-12-29 | E19: 2026-10-20 | F19: 43 | G19: 212 | H19: 0 | I19: 部分年份（缺前段/后段）

Sheet 05周度统计
A1: 05 周度同期统计（公式直连 02 面板）
A2: 均值/中位数/分位并列：均值易被单一年份拉走，中位数更抗异常；样本 n 一并给出
A3: 位置 | B3: 标签 | C3: n年 | D3: 均值 | E3: 中位数 | F3: 标准差 | G3: 最小 | H3: 最大 | I3: p10 | J3: p25 | K3: p50 | L3: p75 | M3: p90 | N3: IQR | O3: p90-p10 | P3: CV | Q3: 均值-中位 | R3: 均值/中位 | S3: 样本不足? | T3: 缺少年份 | U3: 样本年份
A4: 1 | B4: W01 | C4: =COUNT('02周度面板'!$B$4:$B$8) | D4: =IFERROR(AVERAGE('02周度面板'!$B$4:$B$8),"") | E4: =IFERROR(MEDIAN('02周度面板'!$B$4:$B$8),"") | F4: =IFERROR(STDEV('02周度面板'!$B$4:$B$8),"") | G4: =IFERROR(MIN('02周度面板'!$B$4:$B$8),"") | H4: =IFERROR(MAX('02周度面板'!$B$4:$B$8),"") | I4: =IFERROR(_xlfn.PERCENTILE.INC('02周度面板'!$B$4:$B$8,0.1),PERCENTILE('02周度面板'!$B$4:$B$8,0.1)) | J4: =IFERROR(_xlfn.PERCENTILE.INC('02周度面板'!$B$4:$B$8,0.25),PERCENTILE('02周度面板'!$B$4:$B$8,0.25)) | K4: =IFERROR(_xlfn.PERCENTILE.INC('02周度面板'!$B$4:$B$8,0.5),PERCENTILE('02周度面板'!$B$4:$B$8,0.5)) | L4: =IFERROR(_xlfn.PERCENTILE.INC('02周度面板'!$B$4:$B$8,0.75),PERCENTILE('02周度面板'!$B$4:$B$8,0.75)) | M4: =IFERROR(_xlfn.PERCENTILE.INC('02周度面板'!$B$4:$B$8,0.9),PERCENTILE('02周度面板'!$B$4:$B$8,0.9)) | N4: =IFERROR(J4-I4,"") | O4: =IFERROR(M4-I4,"") | P4: =IFERROR(F4/D4,"") | Q4: =IFERROR(D4-E4,"") | R4: =IFERROR(D4/E4,"") | S4: 否 | T4: 2022 | U4: 2023, 2024, 2025, 2026
A5: 2 | B5: W02 | C5: =COUNT('02周度面板'!$C$4:$C$8) | D5: =IFERROR(AVERAGE('02周度面板'!$C$4:$C$8),"") | E5: =IFERROR(MEDIAN('02周度面板'!$C$4:$C$8),"") | F5: =IFERROR(STDEV('02周度面板'!$C$4:$C$8),"") | G5: =IFERROR(MIN('02周度面板'!$C$4:$C$8),"") | H5: =IFERROR(MAX('02周度面板'!$C$4:$C$8),"") | I5: =IFERROR(_xlfn.PERCENTILE.INC('02周度面板'!$C$4:$C$8,0.1),PERCENTILE('02周度面板'!$C$4:$C$8,0.1)) | J5: =IFERROR(_xlfn.PERCENTILE.INC('02周度面板'!$C$4:$C$8,0.25),PERCENTILE('02周度面板'!$C$4:$C$8,0.25)) | K5: =IFERROR(_xlfn.PERCENTILE.INC('02周度面板'!$C$4:$C$8,0.5),PERCENTILE('02周度面板'!$C$4:$C$8,0.5)) | L5: =IFERROR(_xlfn.PERCENTILE.INC('02周度面板'!$C$4:$C$8,0.75),PERCENTILE('02周度面板'!$C$4:$C$8,0.75)) | M5: =IFERROR(_xlfn.PERCENTILE.INC('02周度面板'!$C$4:$C$8,0.9),PERCENTILE('02周度面板'!$C$4:$C$8,0.9)) | N5: =IFERROR(J5-I5,"") | O5: =IFERROR(M5-I5,"") | P5: =IFERROR(F5/D5,"") | Q5: =IFERROR(D5-E5,"") | R5: =IFERROR(D5/E5,"") | S5: 否 | T5: 2022 | U5: 2023, 2024, 2025, 2026
A6: 3 | B6: W03 | C6: =COUNT('02周度面板'!$D$4:$D$8) | D6: =IFERROR(AVERAGE('02周度面板'!$D$4:$D$8),"") | E6: =IFERROR(MEDIAN('02周度面板'!$D$4:$D$8),"") | F6: =IFERROR(STDEV('02周度面板'!$D$4:$D$8),"") | G6: =IFERROR(MIN('02周度面板'!$D$4:$D$8),"") | H6: =IFERROR(MAX('02周度面板'!$D$4:$D$8),"") | I6: =IFERROR(_xlfn.PERCENTILE.INC('02周度面板'!$D$4:$D$8,0.1),PERCENTILE('02周度面板'!$D$4:$D$8,0.1)) | J6: =IFERROR(_xlfn.PERCENTILE.INC('02周度面板'!$D$4:$D$8,0.25),PERCENTILE('02周度面板'!$D$4:$D$8,0.25)) | K6: =IFERROR(_xlfn.PERCENTILE.INC('02周度面板'!$D$4:$D$8,0.5),PERCENTILE('02周度面板'!$D$4:$D$8,0.5)) | L6: =IFERROR(_xlfn.PERCENTILE.INC('02周度面板'!$D$4:$D$8,0.75),PERCENTILE('02周度面板'!$D$4:$D$8,0.75)) | M6: =IFERROR(_xlfn.PERCENTILE.INC('02周度面板'!$D$4:$D$8,0.9),PERCENTILE('02周度面板'!$D$4:$D$8,0.9)) | N6: =IFERROR(J6-I6,"") | O6: =IFERROR(M6-I6,"") | P6: =IFERROR(F6/D6,"") | Q6: =IFERROR(D6-E6,"") | R6: =IFERROR(D6/E6,"") | S6: 否 | T6: 2022 | U6: 2023, 2024, 2025, 2026
A7: 4 | B7: W04 | C7: =COUNT('02周度面板'!$E$4:$E$8) | D7: =IFERROR(AVERAGE('02周度面板'!$E$4:$E$8),"") | E7: =IFERROR(MEDIAN('02周度面板'!$E$4:$E$8),"") | F7: =IFERROR(STDEV('02周度面板'!$E$4:$E$8),"") | G7: =IFERROR(MIN('02周度面板'!$E$4:$E$8),"") | H7: =IFERROR(MAX('02周度面板'!$E$4:$E$8),"") | I7: =IFERROR(_xlfn.PERCENTILE.INC('02周度面板'!$E$4:$E$8,0.1),PERCENTILE('02周度面板'!$E$4:$E$8,0.1)) | J7: =IFERROR(_xlfn.PERCENTILE.INC('02周度面板'!$E$4:$E$8,0.25),PERCENTILE('02周度面板'!$E$4:$E$8,0.25)) | K7: =IFERROR(_xlfn.PERCENTILE.INC('02周度面板'!$E$4:$E$8,0.5),PERCENTILE('02周度面板'!$E$4:$E$8,0.5)) | L7: =IFERROR(_xlfn.PERCENTILE.INC('02周度面板'!$E$4:$E$8,0.75),PERCENTILE('02周度面板'!$E$4:$E$8,0.75)) | M7: =IFERROR(_xlfn.PERCENTILE.INC('02周度面板'!$E$4:$E$8,0.9),PERCENTILE('02周度面板'!$E$4:$E$8,0.9)) | N7: =IFERROR(J7-I7,"") | O7: =IFERROR(M7-I7,"") | P7: =IFERROR(F7/D7,"") | Q7: =IFERROR(D7-E7,"") | R7: =IFERROR(D7/E7,"") | S7: 否 | T7: 2022 | U7: 2023, 2024, 2025, 2026
A8: 5 | B8: W05 | C8: =COUNT('02周度面板'!$F$4:$F$8) | D8: =IFERROR(AVERAGE('02周度面板'!$F$4:$F$8),"") | E8: =IFERROR(MEDIAN('02周度面板'!$F$4:$F$8),"") | F8: =IFERROR(STDEV('02周度面板'!$F$4:$F$8),"") | G8: =IFERROR(MIN('02周度面板'!$F$4:$F$8),"") | H8: =IFERROR(MAX('02周度面板'!$F$4:$F$8),"") | I8: =IFERROR(_xlfn.PERCENTILE.INC('02周度面板'!$F$4:$F$8,0.1),PERCENTILE('02周度面板'!$F$4:$F$8,0.1)) | J8: =IFERROR(_xlfn.PERCENTILE.INC('02周度面板'!$F$4:$F$8,0.25),PERCENTILE('02周度面板'!$F$4:$F$8,0.25)) | K8: =IFERROR(_xlfn.PERCENTILE.INC('02周度面板'!$F$4:$F$8,0.5),PERCENTILE('02周度面板'!$F$4:$F$8,0.5)) | L8: =IFERROR(_xlfn.PERCENTILE.INC('02周度面板'!$F$4:$F$8,0.75),PERCENTILE('02周度面板'!$F$4:$F$8,0.75)) | M8: =IFERROR(_xlfn.PERCENTILE.INC('02周度面板'!$F$4:$F$8,0.9),PERCENTILE('02周度面板'!$F$4:$F$8,0.9)) | N8: =IFERROR(J8-I8,"") | O8: =IFERROR(M8-I8,"") | P8: =IFERROR(F8/D8,"") | Q8: =IFERROR(D8-E8,"") | R8: =IFERROR(D8/E8,"") | S8: 否 | T8: 2022 | U8: 2023, 2024, 2025, 2026
A9: 6 | B9: W06 | C9: =COUNT('02周度面板'!$G$4:$G$8) | D9: =IFERROR(AVERAGE('02周度面板'!$G$4:$G$8),"") | E9: =IFERROR(MEDIAN('02周度面板'!$G$4:$G$8),"") | F9: =IFERROR(STDEV('02周度面板'!$G$4:$G$8),"") | G9: =IFERROR(MIN('02周度面板'!$G$4:$G$8),"") | H9: =IFERROR(MAX('02周度面板'!$G$4:$G$8),"") | I9: =IFERROR(_xlfn.PERCENTILE.INC('02周度面板'!$G$4:$G$8,0.1),PERCENTILE('02周度面板'!$G$4:$G$8,0.1)) | J9: =IFERROR(_xlfn.PERCENTILE.INC('02周度面板'!$G$4:$G$8,0.25),PERCENTILE('02周度面板'!$G$4:$G$8,0.25)) | K9: =IFERROR(_xlfn.PERCENTILE.INC('02周度面板'!$G$4:$G$8,0.5),PERCENTILE('02周度面板'!$G$4:$G$8,0.5)) | L9: =IFERROR(_xlfn.PERCENTILE.INC('02周度面板'!$G$4:$G$8,0.75),PERCENTILE('02周度面板'!$G$4:$G$8,0.75)) | M9: =IFERROR(_xlfn.PERCENTILE.INC('02周度面板'!$G$4:$G$8,0.9),PERCENTILE('02周度面板'!$G$4:$G$8,0.9)) | N9: =IFERROR(J9-I9,"") | O9: =IFERROR(M9-I9,"") | P9: =IFERROR(F9/D9,"") | Q9: =IFERROR(D9-E9,"") | R9: =IFERROR(D9/E9,"") | S9: 否 | T9: 2022 | U9: 2023, 2024, 2025, 2026
A10: 7 | B10: W07 | C10: =COUNT('02周度面板'!$H$4:$H$8) | D10: =IFERROR(AVERAGE('02周度面板'!$H$4:$H$8),"") | E10: =IFERROR(MEDIAN('02周度面板'!$H$4:$H$8),"") | F10: =IFERROR(STDEV('02周度面板'!$H$4:$H$8),"") | G10: =IFERROR(MIN('02周度面板'!$H$4:$H$8),"") | H10: =IFERROR(MAX('02周度面板'!$H$4:$H$8),"") | I10: =IFERROR(_xlfn.PERCENTILE.INC('02周度面板'!$H$4:$H$8,0.1),PERCENTILE('02周度面板'!$H$4:$H$8,0.1)) | J10: =IFERROR(_xlfn.PERCENTILE.INC('02周度面板'!$H$4:$H$8,0.25),PERCENTILE('02周度面板'!$H$4:$H$8,0.25)) | K10: =IFERROR(_xlfn.PERCENTILE.INC('02周度面板'!$H$4:$H$8,0.5),PERCENTILE('02周度面板'!$H$4:$H$8,0.5)) | L10: =IFERROR(_xlfn.PERCENTILE.INC('02周度面板'!$H$4:$H$8,0.75),PERCENTILE('02周度面板'!$H$4:$H$8,0.75)) | M10: =IFERROR(_xlfn.PERCENTILE.INC('02周度面板'!$H$4:$H$8,0.9),PERCENTILE('02周度面板'!$H$4:$H$8,0.9)) | N10: =IFERROR(J10-I10,"") | O10: =IFERROR(M10-I10,"") | P10: =IFERROR(F10/D10,"") | Q10: =IFERROR(D10-E10,"") | R10: =IFERROR(D10/E10,"") | S10: 否 | T10: 2022 | U10: 2023, 2024, 2025, 2026
A11: 8 | B11: W08 | C11: =COUNT('02周度面板'!$I$4:$I$8) | D11: =IFERROR(AVERAGE('02周度面板'!$I$4:$I$8),"") | E11: =IFERROR(MEDIAN('02周度面板'!$I$4:$I$8),"") | F11: =IFERROR(STDEV('02周度面板'!$I$4:$I$8),"") | G11: =IFERROR(MIN('02周度面板'!$I$4:$I$8),"") | H11: =IFERROR(MAX('02周度面板'!$I$4:$I$8),"") | I11: =IFERROR(_xlfn.PERCENTILE.INC('02周度面板'!$I$4:$I$8,0.1),PERCENTILE('02周度面板'!$I$4:$I$8,0.1)) | J11: =IFERROR(_xlfn.PERCENTILE.INC('02周度面板'!$I$4:$I$8,0.25),PERCENTILE('02周度面板'!$I$4:$I$8,0.25)) | K11: =IFERROR(_xlfn.PERCENTILE.INC('02周度面板'!$I$4:$I$8,0.5),PERCENTILE('02周度面板'!$I$4:$I$8,0.5)) | L11: =IFERROR(_xlfn.PERCENTILE.INC('02周度面板'!$I$4:$I$8,0.75),PERCENTILE('02周度面板'!$I$4:$I$8,0.75)) | M11: =IFERROR(_xlfn.PERCENTILE.INC('02周度面板'!$I$4:$I$8,0.9),PERCENTILE('02周度面板'!$I$4:$I$8,0.9)) | N11: =IFERROR(J11-I11,"") | O11: =IFERROR(M11-I11,"") | P11: =IFERROR(F11/D11,"") | Q11: =IFERROR(D11-E11,"") | R11: =IFERROR(D11/E11,"") | S11: 否 | T11: 2022 | U11: 2023, 2024, 2025, 2026
A12: 9 | B12: W09 | C12: =COUNT('02周度面板'!$J$4:$J$8) | D12: =IFERROR(AVERAGE('02周度面板'!$J$4:$J$8),"") | E12: =IFERROR(MEDIAN('02周度面板'!$J$4:$J$8),"") | F12: =IFERROR(STDEV('02周度面板'!$J$4:$J$8),"") | G12: =IFERROR(MIN('02周度面板'!$J$4:$J$8),"") | H12: =IFERROR(MAX('02周度面板'!$J$4:$J$8),"") | I12: =IFERROR(_xlfn.PERCENTILE.INC('02周度面板'!$J$4:$J$8,0.1),PERCENTILE('02周度面板'!$J$4:$J$8,0.1)) | J12: =IFERROR(_xlfn.PERCENTILE.INC('02周度面板'!$J$4:$J$8,0.25),PERCENTILE('02周度面板'!$J$4:$J$8,0.25)) | K12: =IFERROR(_xlfn.PERCENTILE.INC('02周度面板'!$J$4:$J$8,0.5),PERCENTILE('02周度面板'!$J$4:$J$8,0.5)) | L12: =IFERROR(_xlfn.PERCENTILE.INC('02周度面板'!$J$4:$J$8,0.75),PERCENTILE('02周度面板'!$J$4:$J$8,0.75)) | M12: =IFERROR(_xlfn.PERCENTILE.INC('02周度面板'!$J$4:$J$8,0.9),PERCENTILE('02周度面板'!$J$4:$J$8,0.9)) | N12: =IFERROR(J12-I12,"") | O12: =IFERROR(M12-I12,"") | P12: =IFERROR(F12/D12,"") | Q12: =IFERROR(D12-E12,"") | R12: =IFERROR(D12/E12,"") | S12: 否 | T12: 2022 | U12: 2023, 2024, 2025, 2026
A13: 10 | B13: W10 | C13: =COUNT('02周度面板'!$K$4:$K$8) | D13: =IFERROR(AVERAGE('02周度面板'!$K$4:$K$8),"") | E13: =IFERROR(MEDIAN('02周度面板'!$K$4:$K$8),"") | F13: =IFERROR(STDEV('02周度面板'!$K$4:$K$8),"") | G13: =IFERROR(MIN('02周度面板'!$K$4:$K$8),"") | H13: =IFERROR(MAX('02周度面板'!$K$4:$K$8),"") | I13: =IFERROR(_xlfn.PERCENTILE.INC('02周度面板'!$K$4:$K$8,0.1),PERCENTILE('02周度面板'!$K$4:$K$8,0.1)) | J13: =IFERROR(_xlfn.PERCENTILE.INC('02周度面板'!$K$4:$K$8,0.25),PERCENTILE('02周度面板'!$K$4:$K$8,0.25)) | K13: =IFERROR(_xlfn.PERCENTILE.INC('02周度面板'!$K$4:$K$8,0.5),PERCENTILE('02周度面板'!$K$4:$K$8,0.5)) | L13: =IFERROR(_xlfn.PERCENTILE.INC('02周度面板'!$K$4:$K$8,0.75),PERCENTILE('02周度面板'!$K$4:$K$8,0.75)) | M13: =IFERROR(_xlfn.PERCENTILE.INC('02周度面板'!$K$4:$K$8,0.9),PERCENTILE('02周度面板'!$K$4:$K$8,0.9)) | N13: =IFERROR(J13-I13,"") | O13: =IFERROR(M13-I13,"") | P13: =IFERROR(F13/D13,"") | Q13: =IFERROR(D13-E13,"") | R13: =IFERROR(D13/E13,"") | S13: 否 | T13: 2022 | U13: 2023, 2024, 2025, 2026
A14: 11 | B14: W11 | C14: =COUNT('02周度面板'!$L$4:$L$8) | D14: =IFERROR(AVERAGE('02周度面板'!$L$4:$L$8),"") | E14: =IFERROR(MEDIAN('02周度面板'!$L$4:$L$8),"") | F14: =IFERROR(STDEV('02周度面板'!$L$4:$L$8),"") | G14: =IFERROR(MIN('02周度面板'!$L$4:$L$8),"") | H14: =IFERROR(MAX('02周度面板'!$L$4:$L$8),"") | I14: =IFERROR(_xlfn.PERCENTILE.INC('02周度面板'!$L$4:$L$8,0.1),PERCENTILE('02周度面板'!$L$4:$L$8,0.1)) | J14: =IFERROR(_xlfn.PERCENTILE.INC('02周度面板'!$L$4:$L$8,0.25),PERCENTILE('02周度面板'!$L$4:$L$8,0.25)) | K14: =IFERROR(_xlfn.PERCENTILE.INC('02周度面板'!$L$4:$L$8,0.5),PERCENTILE('02周度面板'!$L$4:$L$8,0.5)) | L14: =IFERROR(_xlfn.PERCENTILE.INC('02周度面板'!$L$4:$L$8,0.75),PERCENTILE('02周度面板'!$L$4:$L$8,0.75)) | M14: =IFERROR(_xlfn.PERCENTILE.INC('02周度面板'!$L$4:$L$8,0.9),PERCENTILE('02周度面板'!$L$4:$L$8,0.9)) | N14: =IFERROR(J14-I14,"") | O14: =IFERROR(M14-I14,"") | P14: =IFERROR(F14/D14,"") | Q14: =IFERROR(D14-E14,"") | R14: =IFERROR(D14/E14,"") | S14: 否 | T14: 2022 | U14: 2023, 2024, 2025, 2026
A15: 12 | B15: W12 | C15: =COUNT('02周度面板'!$M$4:$M$8) | D15: =IFERROR(AVERAGE('02周度面板'!$M$4:$M$8),"") | E15: =IFERROR(MEDIAN('02周度面板'!$M$4:$M$8),"") | F15: =IFERROR(STDEV('02周度面板'!$M$4:$M$8),"") | G15: =IFERROR(MIN('02周度面板'!$M$4:$M$8),"") | H15: =IFERROR(MAX('02周度面板'!$M$4:$M$8),"") | I15: =IFERROR(_xlfn.PERCENTILE.INC('02周度面板'!$M$4:$M$8,0.1),PERCENTILE('02周度面板'!$M$4:$M$8,0.1)) | J15: =IFERROR(_xlfn.PERCENTILE.INC('02周度面板'!$M$4:$M$8,0.25),PERCENTILE('02周度面板'!$M$4:$M$8,0.25)) | K15: =IFERROR(_xlfn.PERCENTILE.INC('02周度面板'!$M$4:$M$8,0.5),PERCENTILE('02周度面板'!$M$4:$M$8,0.5)) | L15: =IFERROR(_xlfn.PERCENTILE.INC('02周度面板'!$M$4:$M$8,0.75),PERCENTILE('02周度面板'!$M$4:$M$8,0.75)) | M15: =IFERROR(_xlfn.PERCENTILE.INC('02周度面板'!$M$4:$M$8,0.9),PERCENTILE('02周度面板'!$M$4:$M$8,0.9)) | N15: =IFERROR(J15-I15,"") | O15: =IFERROR(M15-I15,"") | P15: =IFERROR(F15/D15,"") | Q15: =IFERROR(D15-E15,"") | R15: =IFERROR(D15/E15,"") | S15: 否 | T15: 2022 | U15: 2023, 2024, 2025, 2026
A16: 13 | B16: W13 | C16: =COUNT('02周度面板'!$N$4:$N$8) | D16: =IFERROR(AVERAGE('02周度面板'!$N$4:$N$8),"") | E16: =IFERROR(MEDIAN('02周度面板'!$N$4:$N$8),"") | F16: =IFERROR(STDEV('02周度面板'!$N$4:$N$8),"") | G16: =IFERROR(MIN('02周度面板'!$N$4:$N$8),"") | H16: =IFERROR(MAX('02周度面板'!$N$4:$N$8),"") | I16: =IFERROR(_xlfn.PERCENTILE.INC('02周度面板'!$N$4:$N$8,0.1),PERCENTILE('02周度面板'!$N$4:$N$8,0.1)) | J16: =IFERROR(_xlfn.PERCENTILE.INC('02周度面板'!$N$4:$N$8,0.25),PERCENTILE('02周度面板'!$N$4:$N$8,0.25)) | K16: =IFERROR(_xlfn.PERCENTILE.INC('02周度面板'!$N$4:$N$8,0.5),PERCENTILE('02周度面板'!$N$4:$N$8,0.5)) | L16: =IFERROR(_xlfn.PERCENTILE.INC('02周度面板'!$N$4:$N$8,0.75),PERCENTILE('02周度面板'!$N$4:$N$8,0.75)) | M16: =IFERROR(_xlfn.PERCENTILE.INC('02周度面板'!$N$4:$N$8,0.9),PERCENTILE('02周度面板'!$N$4:$N$8,0.9)) | N16: =IFERROR(J16-I16,"") | O16: =IFERROR(M16-I16,"") | P16: =IFERROR(F16/D16,"") | Q16: =IFERROR(D16-E16,"") | R16: =IFERROR(D16/E16,"") | S16: 否 | T16: 2022 | U16: 2023, 2024, 2025, 2026
A17: 14 | B17: W14 | C17: =COUNT('02周度面板'!$O$4:$O$8) | D17: =IFERROR(AVERAGE('02周度面板'!$O$4:$O$8),"") | E17: =IFERROR(MEDIAN('02周度面板'!$O$4:$O$8),"") | F17: =IFERROR(STDEV('02周度面板'!$O$4:$O$8),"") | G17: =IFERROR(MIN('02周度面板'!$O$4:$O$8),"") | H17: =IFERROR(MAX('02周度面板'!$O$4:$O$8),"") | I17: =IFERROR(_xlfn.PERCENTILE.INC('02周度面板'!$O$4:$O$8,0.1),PERCENTILE('02周度面板'!$O$4:$O$8,0.1)) | J17: =IFERROR(_xlfn.PERCENTILE.INC('02周度面板'!$O$4:$O$8,0.25),PERCENTILE('02周度面板'!$O$4:$O$8,0.25)) | K17: =IFERROR(_xlfn.PERCENTILE.INC('02周度面板'!$O$4:$O$8,0.5),PERCENTILE('02周度面板'!$O$4:$O$8,0.5)) | L17: =IFERROR(_xlfn.PERCENTILE.INC('02周度面板'!$O$4:$O$8,0.75),PERCENTILE('02周度面板'!$O$4:$O$8,0.75)) | M17: =IFERROR(_xlfn.PERCENTILE.INC('02周度面板'!$O$4:$O$8,0.9),PERCENTILE('02周度面板'!$O$4:$O$8,0.9)) | N17: =IFERROR(J17-I17,"") | O17: =IFERROR(M17-I17,"") | P17: =IFERROR(F17/D17,"") | Q17: =IFERROR(D17-E17,"") | R17: =IFERROR(D17/E17,"") | S17: 否 | T17: 2022 | U17: 2023, 2024, 2025, 2026
A18: 15 | B18: W15 | C18: =COUNT('02周度面板'!$P$4:$P$8) | D18: =IFERROR(AVERAGE('02周度面板'!$P$4:$P$8),"") | E18: =IFERROR(MEDIAN('02周度面板'!$P$4:$P$8),"") | F18: =IFERROR(STDEV('02周度面板'!$P$4:$P$8),"") | G18: =IFERROR(MIN('02周度面板'!$P$4:$P$8),"") | H18: =IFERROR(MAX('02周度面板'!$P$4:$P$8),"") | I18: =IFERROR(_xlfn.PERCENTILE.INC('02周度面板'!$P$4:$P$8,0.1),PERCENTILE('02周度面板'!$P$4:$P$8,0.1)) | J18: =IFERROR(_xlfn.PERCENTILE.INC('02周度面板'!$P$4:$P$8,0.25),PERCENTILE('02周度面板'!$P$4:$P$8,0.25)) | K18: =IFERROR(_xlfn.PERCENTILE.INC('02周度面板'!$P$4:$P$8,0.5),PERCENTILE('02周度面板'!$P$4:$P$8,0.5)) | L18: =IFERROR(_xlfn.PERCENTILE.INC('02周度面板'!$P$4:$P$8,0.75),PERCENTILE('02周度面板'!$P$4:$P$8,0.75)) | M18: =IFERROR(_xlfn.PERCENTILE.INC('02周度面板'!$P$4:$P$8,0.9),PERCENTILE('02周度面板'!$P$4:$P$8,0.9)) | N18: =IFERROR(J18-I18,"") | O18: =IFERROR(M18-I18,"") | P18: =IFERROR(F18/D18,"") | Q18: =IFERROR(D18-E18,"") | R18: =IFERROR(D18/E18,"") | S18: 否 | T18: 2022 | U18: 2023, 2024, 2025, 2026
A19: 16 | B19: W16 | C19: =COUNT('02周度面板'!$Q$4:$Q$8) | D19: =IFERROR(AVERAGE('02周度面板'!$Q$4:$Q$8),"") | E19: =IFERROR(MEDIAN('02周度面板'!$Q$4:$Q$8),"") | F19: =IFERROR(STDEV('02周度面板'!$Q$4:$Q$8),"") | G19: =IFERROR(MIN('02周度面板'!$Q$4:$Q$8),"") | H19: =IFERROR(MAX('02周度面板'!$Q$4:$Q$8),"") | I19: =IFERROR(_xlfn.PERCENTILE.INC('02周度面板'!$Q$4:$Q$8,0.1),PERCENTILE('02周度面板'!$Q$4:$Q$8,0.1)) | J19: =IFERROR(_xlfn.PERCENTILE.INC('02周度面板'!$Q$4:$Q$8,0.25),PERCENTILE('02周度面板'!$Q$4:$Q$8,0.25)) | K19: =IFERROR(_xlfn.PERCENTILE.INC('02周度面板'!$Q$4:$Q$8,0.5),PERCENTILE('02周度面板'!$Q$4:$Q$8,0.5)) | L19: =IFERROR(_xlfn.PERCENTILE.INC('02周度面板'!$Q$4:$Q$8,0.75),PERCENTILE('02周度面板'!$Q$4:$Q$8,0.75)) | M19: =IFERROR(_xlfn.PERCENTILE.INC('02周度面板'!$Q$4:$Q$8,0.9),PERCENTILE('02周度面板'!$Q$4:$Q$8,0.9)) | N19: =IFERROR(J19-I19,"") | O19: =IFERROR(M19-I19,"") | P19: =IFERROR(F19/D19,"") | Q19: =IFERROR(D19-E19,"") | R19: =IFERROR(D19/E19,"") | S19: 否 | T19: 2022 | U19: 2023, 2024, 2025, 2026
A20: 17 | B20: W17 | C20: =COUNT('02周度面板'!$R$4:$R$8) | D20: =IFERROR(AVERAGE('02周度面板'!$R$4:$R$8),"") | E20: =IFERROR(MEDIAN('02周度面板'!$R$4:$R$8),"") | F20: =IFERROR(STDEV('02周度面板'!$R$4:$R$8),"") | G20: =IFERROR(MIN('02周度面板'!$R$4:$R$8),"") | H20: =IFERROR(MAX('02周度面板'!$R$4:$R$8),"") | I20: =IFERROR(_xlfn.PERCENTILE.INC('02周度面板'!$R$4:$R$8,0.1),PERCENTILE('02周度面板'!$R$4:$R$8,0.1)) | J20: =IFERROR(_xlfn.PERCENTILE.INC('02周度面板'!$R$4:$R$8,0.25),PERCENTILE('02周度面板'!$R$4:$R$8,0.25)) | K20: =IFERROR(_xlfn.PERCENTILE.INC('02周度面板'!$R$4:$R$8,0.5),PERCENTILE('02周度面板'!$R$4:$R$8,0.5)) | L20: =IFERROR(_xlfn.PERCENTILE.INC('02周度面板'!$R$4:$R$8,0.75),PERCENTILE('02周度面板'!$R$4:$R$8,0.75)) | M20: =IFERROR(_xlfn.PERCENTILE.INC('02周度面板'!$R$4:$R$8,0.9),PERCENTILE('02周度面板'!$R$4:$R$8,0.9)) | N20: =IFERROR(J20-I20,"") | O20: =IFERROR(M20-I20,"") | P20: =IFERROR(F20/D20,"") | Q20: =IFERROR(D20-E20,"") | R20: =IFERROR(D20/E20,"") | S20: 否 | T20: 2022 | U20: 2023, 2024, 2025, 2026
A21: 18 | B21: W18 | C21: =COUNT('02周度面板'!$S$4:$S$8) | D21: =IFERROR(AVERAGE('02周度面板'!$S$4:$S$8),"") | E21: =IFERROR(MEDIAN('02周度面板'!$S$4:$S$8),"") | F21: =IFERROR(STDEV('02周度面板'!$S$4:$S$8),"") | G21: =IFERROR(MIN('02周度面板'!$S$4:$S$8),"") | H21: =IFERROR(MAX('02周度面板'!$S$4:$S$8),"") | I21: =IFERROR(_xlfn.PERCENTILE.INC('02周度面板'!$S$4:$S$8,0.1),PERCENTILE('02周度面板'!$S$4:$S$8,0.1)) | J21: =IFERROR(_xlfn.PERCENTILE.INC('02周度面板'!$S$4:$S$8,0.25),PERCENTILE('02周度面板'!$S$4:$S$8,0.25)) | K21: =IFERROR(_xlfn.PERCENTILE.INC('02周度面板'!$S$4:$S$8,0.5),PERCENTILE('02周度面板'!$S$4:$S$8,0.5)) | L21: =IFERROR(_xlfn.PERCENTILE.INC('02周度面板'!$S$4:$S$8,0.75),PERCENTILE('02周度面板'!$S$4:$S$8,0.75)) | M21: =IFERROR(_xlfn.PERCENTILE.INC('02周度面板'!$S$4:$S$8,0.9),PERCENTILE('02周度面板'!$S$4:$S$8,0.9)) | N21: =IFERROR(J21-I21,"") | O21: =IFERROR(M21-I21,"") | P21: =IFERROR(F21/D21,"") | Q21: =IFERROR(D21-E21,"") | R21: =IFERROR(D21/E21,"") | S21: 否 | T21: 2022 | U21: 2023, 2024, 2025, 2026
A22: 19 | B22: W19 | C22: =COUNT('02周度面板'!$T$4:$T$8) | D22: =IFERROR(AVERAGE('02周度面板'!$T$4:$T$8),"") | E22: =IFERROR(MEDIAN('02周度面板'!$T$4:$T$8),"") | F22: =IFERROR(STDEV('02周度面板'!$T$4:$T$8),"") | G22: =IFERROR(MIN('02周度面板'!$T$4:$T$8),"") | H22: =IFERROR(MAX('02周度面板'!$T$4:$T$8),"") | I22: =IFERROR(_xlfn.PERCENTILE.INC('02周度面板'!$T$4:$T$8,0.1),PERCENTILE('02周度面板'!$T$4:$T$8,0.1)) | J22: =IFERROR(_xlfn.PERCENTILE.INC('02周度面板'!$T$4:$T$8,0.25),PERCENTILE('02周度面板'!$T$4:$T$8,0.25)) | K22: =IFERROR(_xlfn.PERCENTILE.INC('02周度面板'!$T$4:$T$8,0.5),PERCENTILE('02周度面板'!$T$4:$T$8,0.5)) | L22: =IFERROR(_xlfn.PERCENTILE.INC('02周度面板'!$T$4:$T$8,0.75),PERCENTILE('02周度面板'!$T$4:$T$8,0.75)) | M22: =IFERROR(_xlfn.PERCENTILE.INC('02周度面板'!$T$4:$T$8,0.9),PERCENTILE('02周度面板'!$T$4:$T$8,0.9)) | N22: =IFERROR(J22-I22,"") | O22: =IFERROR(M22-I22,"") | P22: =IFERROR(F22/D22,"") | Q22: =IFERROR(D22-E22,"") | R22: =IFERROR(D22/E22,"") | S22: 否 | T22: 2022 | U22: 2023, 2024, 2025, 2026
A23: 20 | B23: W20 | C23: =COUNT('02周度面板'!$U$4:$U$8) | D23: =IFERROR(AVERAGE('02周度面板'!$U$4:$U$8),"") | E23: =IFERROR(MEDIAN('02周度面板'!$U$4:$U$8),"") | F23: =IFERROR(STDEV('02周度面板'!$U$4:$U$8),"") | G23: =IFERROR(MIN('02周度面板'!$U$4:$U$8),"") | H23: =IFERROR(MAX('02周度面板'!$U$4:$U$8),"") | I23: =IFERROR(_xlfn.PERCENTILE.INC('02周度面板'!$U$4:$U$8,0.1),PERCENTILE('02周度面板'!$U$4:$U$8,0.1)) | J23: =IFERROR(_xlfn.PERCENTILE.INC('02周度面板'!$U$4:$U$8,0.25),PERCENTILE('02周度面板'!$U$4:$U$8,0.25)) | K23: =IFERROR(_xlfn.PERCENTILE.INC('02周度面板'!$U$4:$U$8,0.5),PERCENTILE('02周度面板'!$U$4:$U$8,0.5)) | L23: =IFERROR(_xlfn.PERCENTILE.INC('02周度面板'!$U$4:$U$8,0.75),PERCENTILE('02周度面板'!$U$4:$U$8,0.75)) | M23: =IFERROR(_xlfn.PERCENTILE.INC('02周度面板'!$U$4:$U$8,0.9),PERCENTILE('02周度面板'!$U$4:$U$8,0.9)) | N23: =IFERROR(J23-I23,"") | O23: =IFERROR(M23-I23,"") | P23: =IFERROR(F23/D23,"") | Q23: =IFERROR(D23-E23,"") | R23: =IFERROR(D23/E23,"") | S23: 否 | T23: 2022 | U23: 2023, 2024, 2025, 2026
A24: 21 | B24: W21 | C24: =COUNT('02周度面板'!$V$4:$V$8) | D24: =IFERROR(AVERAGE('02周度面板'!$V$4:$V$8),"") | E24: =IFERROR(MEDIAN('02周度面板'!$V$4:$V$8),"") | F24: =IFERROR(STDEV('02周度面板'!$V$4:$V$8),"") | G24: =IFERROR(MIN('02周度面板'!$V$4:$V$8),"") | H24: =IFERROR(MAX('02周度面板'!$V$4:$V$8),"") | I24: =IFERROR(_xlfn.PERCENTILE.INC('02周度面板'!$V$4:$V$8,0.1),PERCENTILE('02周度面板'!$V$4:$V$8,0.1)) | J24: =IFERROR(_xlfn.PERCENTILE.INC('02周度面板'!$V$4:$V$8,0.25),PERCENTILE('02周度面板'!$V$4:$V$8,0.25)) | K24: =IFERROR(_xlfn.PERCENTILE.INC('02周度面板'!$V$4:$V$8,0.5),PERCENTILE('02周度面板'!$V$4:$V$8,0.5)) | L24: =IFERROR(_xlfn.PERCENTILE.INC('02周度面板'!$V$4:$V$8,0.75),PERCENTILE('02周度面板'!$V$4:$V$8,0.75)) | M24: =IFERROR(_xlfn.PERCENTILE.INC('02周度面板'!$V$4:$V$8,0.9),PERCENTILE('02周度面板'!$V$4:$V$8,0.9)) | N24: =IFERROR(J24-I24,"") | O24: =IFERROR(M24-I24,"") | P24: =IFERROR(F24/D24,"") | Q24: =IFERROR(D24-E24,"") | R24: =IFERROR(D24/E24,"") | S24: 否 | T24: 2022 | U24: 2023, 2024, 2025, 2026
A25: 22 | B25: W22 | C25: =COUNT('02周度面板'!$W$4:$W$8) | D25: =IFERROR(AVERAGE('02周度面板'!$W$4:$W$8),"") | E25: =IFERROR(MEDIAN('02周度面板'!$W$4:$W$8),"") | F25: =IFERROR(STDEV('02周度面板'!$W$4:$W$8),"") | G25: =IFERROR(MIN('02周度面板'!$W$4:$W$8),"") | H25: =IFERROR(MAX('02周度面板'!$W$4:$W$8),"") | I25: =IFERROR(_xlfn.PERCENTILE.INC('02周度面板'!$W$4:$W$8,0.1),PERCENTILE('02周度面板'!$W$4:$W$8,0.1)) | J25: =IFERROR(_xlfn.PERCENTILE.INC('02周度面板'!$W$4:$W$8,0.25),PERCENTILE('02周度面板'!$W$4:$W$8,0.25)) | K25: =IFERROR(_xlfn.PERCENTILE.INC('02周度面板'!$W$4:$W$8,0.5),PERCENTILE('02周度面板'!$W$4:$W$8,0.5)) | L25: =IFERROR(_xlfn.PERCENTILE.INC('02周度面板'!$W$4:$W$8,0.75),PERCENTILE('02周度面板'!$W$4:$W$8,0.75)) | M25: =IFERROR(_xlfn.PERCENTILE.INC('02周度面板'!$W$4:$W$8,0.9),PERCENTILE('02周度面板'!$W$4:$W$8,0.9)) | N25: =IFERROR(J25-I25,"") | O25: =IFERROR(M25-I25,"") | P25: =IFERROR(F25/D25,"") | Q25: =IFERROR(D25-E25,"") | R25: =IFERROR(D25/E25,"") | S25: 否 | T25: 2022 | U25: 2023, 2024, 2025, 2026
A26: 23 | B26: W23 | C26: =COUNT('02周度面板'!$X$4:$X$8) | D26: =IFERROR(AVERAGE('02周度面板'!$X$4:$X$8),"") | E26: =IFERROR(MEDIAN('02周度面板'!$X$4:$X$8),"") | F26: =IFERROR(STDEV('02周度面板'!$X$4:$X$8),"") | G26: =IFERROR(MIN('02周度面板'!$X$4:$X$8),"") | H26: =IFERROR(MAX('02周度面板'!$X$4:$X$8),"") | I26: =IFERROR(_xlfn.PERCENTILE.INC('02周度面板'!$X$4:$X$8,0.1),PERCENTILE('02周度面板'!$X$4:$X$8,0.1)) | J26: =IFERROR(_xlfn.PERCENTILE.INC('02周度面板'!$X$4:$X$8,0.25),PERCENTILE('02周度面板'!$X$4:$X$8,0.25)) | K26: =IFERROR(_xlfn.PERCENTILE.INC('02周度面板'!$X$4:$X$8,0.5),PERCENTILE('02周度面板'!$X$4:$X$8,0.5)) | L26: =IFERROR(_xlfn.PERCENTILE.INC('02周度面板'!$X$4:$X$8,0.75),PERCENTILE('02周度面板'!$X$4:$X$8,0.75)) | M26: =IFERROR(_xlfn.PERCENTILE.INC('02周度面板'!$X$4:$X$8,0.9),PERCENTILE('02周度面板'!$X$4:$X$8,0.9)) | N26: =IFERROR(J26-I26,"") | O26: =IFERROR(M26-I26,"") | P26: =IFERROR(F26/D26,"") | Q26: =IFERROR(D26-E26,"") | R26: =IFERROR(D26/E26,"") | S26: 否 | T26: 2022 | U26: 2023, 2024, 2025, 2026
A27: 24 | B27: W24 | C27: =COUNT('02周度面板'!$Y$4:$Y$8) | D27: =IFERROR(AVERAGE('02周度面板'!$Y$4:$Y$8),"") | E27: =IFERROR(MEDIAN('02周度面板'!$Y$4:$Y$8),"") | F27: =IFERROR(STDEV('02周度面板'!$Y$4:$Y$8),"") | G27: =IFERROR(MIN('02周度面板'!$Y$4:$Y$8),"") | H27: =IFERROR(MAX('02周度面板'!$Y$4:$Y$8),"") | I27: =IFERROR(_xlfn.PERCENTILE.INC('02周度面板'!$Y$4:$Y$8,0.1),PERCENTILE('02周度面板'!$Y$4:$Y$8,0.1)) | J27: =IFERROR(_xlfn.PERCENTILE.INC('02周度面板'!$Y$4:$Y$8,0.25),PERCENTILE('02周度面板'!$Y$4:$Y$8,0.25)) | K27: =IFERROR(_xlfn.PERCENTILE.INC('02周度面板'!$Y$4:$Y$8,0.5),PERCENTILE('02周度面板'!$Y$4:$Y$8,0.5)) | L27: =IFERROR(_xlfn.PERCENTILE.INC('02周度面板'!$Y$4:$Y$8,0.75),PERCENTILE('02周度面板'!$Y$4:$Y$8,0.75)) | M27: =IFERROR(_xlfn.PERCENTILE.INC('02周度面板'!$Y$4:$Y$8,0.9),PERCENTILE('02周度面板'!$Y$4:$Y$8,0.9)) | N27: =IFERROR(J27-I27,"") | O27: =IFERROR(M27-I27,"") | P27: =IFERROR(F27/D27,"") | Q27: =IFERROR(D27-E27,"") | R27: =IFERROR(D27/E27,"") | S27: 否 | T27: 2022 | U27: 2023, 2024, 2025, 2026
A28: 25 | B28: W25 | C28: =COUNT('02周度面板'!$Z$4:$Z$8) | D28: =IFERROR(AVERAGE('02周度面板'!$Z$4:$Z$8),"") | E28: =IFERROR(MEDIAN('02周度面板'!$Z$4:$Z$8),"") | F28: =IFERROR(STDEV('02周度面板'!$Z$4:$Z$8),"") | G28: =IFERROR(MIN('02周度面板'!$Z$4:$Z$8),"") | H28: =IFERROR(MAX('02周度面板'!$Z$4:$Z$8),"") | I28: =IFERROR(_xlfn.PERCENTILE.INC('02周度面板'!$Z$4:$Z$8,0.1),PERCENTILE('02周度面板'!$Z$4:$Z$8,0.1)) | J28: =IFERROR(_xlfn.PERCENTILE.INC('02周度面板'!$Z$4:$Z$8,0.25),PERCENTILE('02周度面板'!$Z$4:$Z$8,0.25)) | K28: =IFERROR(_xlfn.PERCENTILE.INC('02周度面板'!$Z$4:$Z$8,0.5),PERCENTILE('02周度面板'!$Z$4:$Z$8,0.5)) | L28: =IFERROR(_xlfn.PERCENTILE.INC('02周度面板'!$Z$4:$Z$8,0.75),PERCENTILE('02周度面板'!$Z$4:$Z$8,0.75)) | M28: =IFERROR(_xlfn.PERCENTILE.INC('02周度面板'!$Z$4:$Z$8,0.9),PERCENTILE('02周度面板'!$Z$4:$Z$8,0.9)) | N28: =IFERROR(J28-I28,"") | O28: =IFERROR(M28-I28,"") | P28: =IFERROR(F28/D28,"") | Q28: =IFERROR(D28-E28,"") | R28: =IFERROR(D28/E28,"") | S28: 否 | T28: 2022 | U28: 2023, 2024, 2025, 2026
A29: 26 | B29: W26 | C29: =COUNT('02周度面板'!$AA$4:$AA$8) | D29: =IFERROR(AVERAGE('02周度面板'!$AA$4:$AA$8),"") | E29: =IFERROR(MEDIAN('02周度面板'!$AA$4:$AA$8),"") | F29: =IFERROR(STDEV('02周度面板'!$AA$4:$AA$8),"") | G29: =IFERROR(MIN('02周度面板'!$AA$4:$AA$8),"") | H29: =IFERROR(MAX('02周度面板'!$AA$4:$AA$8),"") | I29: =IFERROR(_xlfn.PERCENTILE.INC('02周度面板'!$AA$4:$AA$8,0.1),PERCENTILE('02周度面板'!$AA$4:$AA$8,0.1)) | J29: =IFERROR(_xlfn.PERCENTILE.INC('02周度面板'!$AA$4:$AA$8,0.25),PERCENTILE('02周度面板'!$AA$4:$AA$8,0.25)) | K29: =IFERROR(_xlfn.PERCENTILE.INC('02周度面板'!$AA$4:$AA$8,0.5),PERCENTILE('02周度面板'!$AA$4:$AA$8,0.5)) | L29: =IFERROR(_xlfn.PERCENTILE.INC('02周度面板'!$AA$4:$AA$8,0.75),PERCENTILE('02周度面板'!$AA$4:$AA$8,0.75)) | M29: =IFERROR(_xlfn.PERCENTILE.INC('02周度面板'!$AA$4:$AA$8,0.9),PERCENTILE('02周度面板'!$AA$4:$AA$8,0.9)) | N29: =IFERROR(J29-I29,"") | O29: =IFERROR(M29-I29,"") | P29: =IFERROR(F29/D29,"") | Q29: =IFERROR(D29-E29,"") | R29: =IFERROR(D29/E29,"") | S29: 否 | T29: 2022 | U29: 2023, 2024, 2025, 2026
A30: 27 | B30: W27 | C30: =COUNT('02周度面板'!$AB$4:$AB$8) | D30: =IFERROR(AVERAGE('02周度面板'!$AB$4:$AB$8),"") | E30: =IFERROR(MEDIAN('02周度面板'!$AB$4:$AB$8),"") | F30: =IFERROR(STDEV('02周度面板'!$AB$4:$AB$8),"") | G30: =IFERROR(MIN('02周度面板'!$AB$4:$AB$8),"") | H30: =IFERROR(MAX('02周度面板'!$AB$4:$AB$8),"") | I30: =IFERROR(_xlfn.PERCENTILE.INC('02周度面板'!$AB$4:$AB$8,0.1),PERCENTILE('02周度面板'!$AB$4:$AB$8,0.1)) | J30: =IFERROR(_xlfn.PERCENTILE.INC('02周度面板'!$AB$4:$AB$8,0.25),PERCENTILE('02周度面板'!$AB$4:$AB$8,0.25)) | K30: =IFERROR(_xlfn.PERCENTILE.INC('02周度面板'!$AB$4:$AB$8,0.5),PERCENTILE('02周度面板'!$AB$4:$AB$8,0.5)) | L30: =IFERROR(_xlfn.PERCENTILE.INC('02周度面板'!$AB$4:$AB$8,0.75),PERCENTILE('02周度面板'!$AB$4:$AB$8,0.75)) | M30: =IFERROR(_xlfn.PERCENTILE.INC('02周度面板'!$AB$4:$AB$8,0.9),PERCENTILE('02周度面板'!$AB$4:$AB$8,0.9)) | N30: =IFERROR(J30-I30,"") | O30: =IFERROR(M30-I30,"") | P30: =IFERROR(F30/D30,"") | Q30: =IFERROR(D30-E30,"") | R30: =IFERROR(D30/E30,"") | S30: 否 | T30: 2022 | U30: 2023, 2024, 2025, 2026
A31: 28 | B31: W28 | C31: =COUNT('02周度面板'!$AC$4:$AC$8) | D31: =IFERROR(AVERAGE('02周度面板'!$AC$4:$AC$8),"") | E31: =IFERROR(MEDIAN('02周度面板'!$AC$4:$AC$8),"") | F31: =IFERROR(STDEV('02周度面板'!$AC$4:$AC$8),"") | G31: =IFERROR(MIN('02周度面板'!$AC$4:$AC$8),"") | H31: =IFERROR(MAX('02周度面板'!$AC$4:$AC$8),"") | I31: =IFERROR(_xlfn.PERCENTILE.INC('02周度面板'!$AC$4:$AC$8,0.1),PERCENTILE('02周度面板'!$AC$4:$AC$8,0.1)) | J31: =IFERROR(_xlfn.PERCENTILE.INC('02周度面板'!$AC$4:$AC$8,0.25),PERCENTILE('02周度面板'!$AC$4:$AC$8,0.25)) | K31: =IFERROR(_xlfn.PERCENTILE.INC('02周度面板'!$AC$4:$AC$8,0.5),PERCENTILE('02周度面板'!$AC$4:$AC$8,0.5)) | L31: =IFERROR(_xlfn.PERCENTILE.INC('02周度面板'!$AC$4:$AC$8,0.75),PERCENTILE('02周度面板'!$AC$4:$AC$8,0.75)) | M31: =IFERROR(_xlfn.PERCENTILE.INC('02周度面板'!$AC$4:$AC$8,0.9),PERCENTILE('02周度面板'!$AC$4:$AC$8,0.9)) | N31: =IFERROR(J31-I31,"") | O31: =IFERROR(M31-I31,"") | P31: =IFERROR(F31/D31,"") | Q31: =IFERROR(D31-E31,"") | R31: =IFERROR(D31/E31,"") | S31: 否 | T31: 2022 | U31: 2023, 2024, 2025, 2026
A32: 29 | B32: W29 | C32: =COUNT('02周度面板'!$AD$4:$AD$8) | D32: =IFERROR(AVERAGE('02周度面板'!$AD$4:$AD$8),"") | E32: =IFERROR(MEDIAN('02周度面板'!$AD$4:$AD$8),"") | F32: =IFERROR(STDEV('02周度面板'!$AD$4:$AD$8),"") | G32: =IFERROR(MIN('02周度面板'!$AD$4:$AD$8),"") | H32: =IFERROR(MAX('02周度面板'!$AD$4:$AD$8),"") | I32: =IFERROR(_xlfn.PERCENTILE.INC('02周度面板'!$AD$4:$AD$8,0.1),PERCENTILE('02周度面板'!$AD$4:$AD$8,0.1)) | J32: =IFERROR(_xlfn.PERCENTILE.INC('02周度面板'!$AD$4:$AD$8,0.25),PERCENTILE('02周度面板'!$AD$4:$AD$8,0.25)) | K32: =IFERROR(_xlfn.PERCENTILE.INC('02周度面板'!$AD$4:$AD$8,0.5),PERCENTILE('02周度面板'!$AD$4:$AD$8,0.5)) | L32: =IFERROR(_xlfn.PERCENTILE.INC('02周度面板'!$AD$4:$AD$8,0.75),PERCENTILE('02周度面板'!$AD$4:$AD$8,0.75)) | M32: =IFERROR(_xlfn.PERCENTILE.INC('02周度面板'!$AD$4:$AD$8,0.9),PERCENTILE('02周度面板'!$AD$4:$AD$8,0.9)) | N32: =IFERROR(J32-I32,"") | O32: =IFERROR(M32-I32,"") | P32: =IFERROR(F32/D32,"") | Q32: =IFERROR(D32-E32,"") | R32: =IFERROR(D32/E32,"") | S32: 否 | T32: 2022 | U32: 2023, 2024, 2025, 2026
A33: 30 | B33: W30 | C33: =COUNT('02周度面板'!$AE$4:$AE$8) | D33: =IFERROR(AVERAGE('02周度面板'!$AE$4:$AE$8),"") | E33: =IFERROR(MEDIAN('02周度面板'!$AE$4:$AE$8),"") | F33: =IFERROR(STDEV('02周度面板'!$AE$4:$AE$8),"") | G33: =IFERROR(MIN('02周度面板'!$AE$4:$AE$8),"") | H33: =IFERROR(MAX('02周度面板'!$AE$4:$AE$8),"") | I33: =IFERROR(_xlfn.PERCENTILE.INC('02周度面板'!$AE$4:$AE$8,0.1),PERCENTILE('02周度面板'!$AE$4:$AE$8,0.1)) | J33: =IFERROR(_xlfn.PERCENTILE.INC('02周度面板'!$AE$4:$AE$8,0.25),PERCENTILE('02周度面板'!$AE$4:$AE$8,0.25)) | K33: =IFERROR(_xlfn.PERCENTILE.INC('02周度面板'!$AE$4:$AE$8,0.5),PERCENTILE('02周度面板'!$AE$4:$AE$8,0.5)) | L33: =IFERROR(_xlfn.PERCENTILE.INC('02周度面板'!$AE$4:$AE$8,0.75),PERCENTILE('02周度面板'!$AE$4:$AE$8,0.75)) | M33: =IFERROR(_xlfn.PERCENTILE.INC('02周度面板'!$AE$4:$AE$8,0.9),PERCENTILE('02周度面板'!$AE$4:$AE$8,0.9)) | N33: =IFERROR(J33-I33,"") | O33: =IFERROR(M33-I33,"") | P33: =IFERROR(F33/D33,"") | Q33: =IFERROR(D33-E33,"") | R33: =IFERROR(D33/E33,"") | S33: 否 | T33: 2022 | U33: 2023, 2024, 2025, 2026
A34: 31 | B34: W31 | C34: =COUNT('02周度面板'!$AF$4:$AF$8) | D34: =IFERROR(AVERAGE('02周度面板'!$AF$4:$AF$8),"") | E34: =IFERROR(MEDIAN('02周度面板'!$AF$4:$AF$8),"") | F34: =IFERROR(STDEV('02周度面板'!$AF$4:$AF$8),"") | G34: =IFERROR(MIN('02周度面板'!$AF$4:$AF$8),"") | H34: =IFERROR(MAX('02周度面板'!$AF$4:$AF$8),"") | I34: =IFERROR(_xlfn.PERCENTILE.INC('02周度面板'!$AF$4:$AF$8,0.1),PERCENTILE('02周度面板'!$AF$4:$AF$8,0.1)) | J34: =IFERROR(_xlfn.PERCENTILE.INC('02周度面板'!$AF$4:$AF$8,0.25),PERCENTILE('02周度面板'!$AF$4:$AF$8,0.25)) | K34: =IFERROR(_xlfn.PERCENTILE.INC('02周度面板'!$AF$4:$AF$8,0.5),PERCENTILE('02周度面板'!$AF$4:$AF$8,0.5)) | L34: =IFERROR(_xlfn.PERCENTILE.INC('02周度面板'!$AF$4:$AF$8,0.75),PERCENTILE('02周度面板'!$AF$4:$AF$8,0.75)) | M34: =IFERROR(_xlfn.PERCENTILE.INC('02周度面板'!$AF$4:$AF$8,0.9),PERCENTILE('02周度面板'!$AF$4:$AF$8,0.9)) | N34: =IFERROR(J34-I34,"") | O34: =IFERROR(M34-I34,"") | P34: =IFERROR(F34/D34,"") | Q34: =IFERROR(D34-E34,"") | R34: =IFERROR(D34/E34,"") | S34: 否 | T34: 2022 | U34: 2023, 2024, 2025, 2026
A35: 32 | B35: W32 | C35: =COUNT('02周度面板'!$AG$4:$AG$8) | D35: =IFERROR(AVERAGE('02周度面板'!$AG$4:$AG$8),"") | E35: =IFERROR(MEDIAN('02周度面板'!$AG$4:$AG$8),"") | F35: =IFERROR(STDEV('02周度面板'!$AG$4:$AG$8),"") | G35: =IFERROR(MIN('02周度面板'!$AG$4:$AG$8),"") | H35: =IFERROR(MAX('02周度面板'!$AG$4:$AG$8),"") | I35: =IFERROR(_xlfn.PERCENTILE.INC('02周度面板'!$AG$4:$AG$8,0.1),PERCENTILE('02周度面板'!$AG$4:$AG$8,0.1)) | J35: =IFERROR(_xlfn.PERCENTILE.INC('02周度面板'!$AG$4:$AG$8,0.25),PERCENTILE('02周度面板'!$AG$4:$AG$8,0.25)) | K35: =IFERROR(_xlfn.PERCENTILE.INC('02周度面板'!$AG$4:$AG$8,0.5),PERCENTILE('02周度面板'!$AG$4:$AG$8,0.5)) | L35: =IFERROR(_xlfn.PERCENTILE.INC('02周度面板'!$AG$4:$AG$8,0.75),PERCENTILE('02周度面板'!$AG$4:$AG$8,0.75)) | M35: =IFERROR(_xlfn.PERCENTILE.INC('02周度面板'!$AG$4:$AG$8,0.9),PERCENTILE('02周度面板'!$AG$4:$AG$8,0.9)) | N35: =IFERROR(J35-I35,"") | O35: =IFERROR(M35-I35,"") | P35: =IFERROR(F35/D35,"") | Q35: =IFERROR(D35-E35,"") | R35: =IFERROR(D35/E35,"") | S35: 否 | T35: 2022 | U35: 2023, 2024, 2025, 2026
A36: 33 | B36: W33 | C36: =COUNT('02周度面板'!$AH$4:$AH$8) | D36: =IFERROR(AVERAGE('02周度面板'!$AH$4:$AH$8),"") | E36: =IFERROR(MEDIAN('02周度面板'!$AH$4:$AH$8),"") | F36: =IFERROR(STDEV('02周度面板'!$AH$4:$AH$8),"") | G36: =IFERROR(MIN('02周度面板'!$AH$4:$AH$8),"") | H36: =IFERROR(MAX('02周度面板'!$AH$4:$AH$8),"") | I36: =IFERROR(_xlfn.PERCENTILE.INC('02周度面板'!$AH$4:$AH$8,0.1),PERCENTILE('02周度面板'!$AH$4:$AH$8,0.1)) | J36: =IFERROR(_xlfn.PERCENTILE.INC('02周度面板'!$AH$4:$AH$8,0.25),PERCENTILE('02周度面板'!$AH$4:$AH$8,0.25)) | K36: =IFERROR(_xlfn.PERCENTILE.INC('02周度面板'!$AH$4:$AH$8,0.5),PERCENTILE('02周度面板'!$AH$4:$AH$8,0.5)) | L36: =IFERROR(_xlfn.PERCENTILE.INC('02周度面板'!$AH$4:$AH$8,0.75),PERCENTILE('02周度面板'!$AH$4:$AH$8,0.75)) | M36: =IFERROR(_xlfn.PERCENTILE.INC('02周度面板'!$AH$4:$AH$8,0.9),PERCENTILE('02周度面板'!$AH$4:$AH$8,0.9)) | N36: =IFERROR(J36-I36,"") | O36: =IFERROR(M36-I36,"") | P36: =IFERROR(F36/D36,"") | Q36: =IFERROR(D36-E36,"") | R36: =IFERROR(D36/E36,"") | S36: 否 | T36: — | U36: 2022, 2023, 2024, 2025, 2026
A37: 34 | B37: W34 | C37: =COUNT('02周度面板'!$AI$4:$AI$8) | D37: =IFERROR(AVERAGE('02周度面板'!$AI$4:$AI$8),"") | E37: =IFERROR(MEDIAN('02周度面板'!$AI$4:$AI$8),"") | F37: =IFERROR(STDEV('02周度面板'!$AI$4:$AI$8),"") | G37: =IFERROR(MIN('02周度面板'!$AI$4:$AI$8),"") | H37: =IFERROR(MAX('02周度面板'!$AI$4:$AI$8),"") | I37: =IFERROR(_xlfn.PERCENTILE.INC('02周度面板'!$AI$4:$AI$8,0.1),PERCENTILE('02周度面板'!$AI$4:$AI$8,0.1)) | J37: =IFERROR(_xlfn.PERCENTILE.INC('02周度面板'!$AI$4:$AI$8,0.25),PERCENTILE('02周度面板'!$AI$4:$AI$8,0.25)) | K37: =IFERROR(_xlfn.PERCENTILE.INC('02周度面板'!$AI$4:$AI$8,0.5),PERCENTILE('02周度面板'!$AI$4:$AI$8,0.5)) | L37: =IFERROR(_xlfn.PERCENTILE.INC('02周度面板'!$AI$4:$AI$8,0.75),PERCENTILE('02周度面板'!$AI$4:$AI$8,0.75)) | M37: =IFERROR(_xlfn.PERCENTILE.INC('02周度面板'!$AI$4:$AI$8,0.9),PERCENTILE('02周度面板'!$AI$4:$AI$8,0.9)) | N37: =IFERROR(J37-I37,"") | O37: =IFERROR(M37-I37,"") | P37: =IFERROR(F37/D37,"") | Q37: =IFERROR(D37-E37,"") | R37: =IFERROR(D37/E37,"") | S37: 否 | T37: — | U37: 2022, 2023, 2024, 2025, 2026
A38: 35 | B38: W35 | C38: =COUNT('02周度面板'!$AJ$4:$AJ$8) | D38: =IFERROR(AVERAGE('02周度面板'!$AJ$4:$AJ$8),"") | E38: =IFERROR(MEDIAN('02周度面板'!$AJ$4:$AJ$8),"") | F38: =IFERROR(STDEV('02周度面板'!$AJ$4:$AJ$8),"") | G38: =IFERROR(MIN('02周度面板'!$AJ$4:$AJ$8),"") | H38: =IFERROR(MAX('02周度面板'!$AJ$4:$AJ$8),"") | I38: =IFERROR(_xlfn.PERCENTILE.INC('02周度面板'!$AJ$4:$AJ$8,0.1),PERCENTILE('02周度面板'!$AJ$4:$AJ$8,0.1)) | J38: =IFERROR(_xlfn.PERCENTILE.INC('02周度面板'!$AJ$4:$AJ$8,0.25),PERCENTILE('02周度面板'!$AJ$4:$AJ$8,0.25)) | K38: =IFERROR(_xlfn.PERCENTILE.INC('02周度面板'!$AJ$4:$AJ$8,0.5),PERCENTILE('02周度面板'!$AJ$4:$AJ$8,0.5)) | L38: =IFERROR(_xlfn.PERCENTILE.INC('02周度面板'!$AJ$4:$AJ$8,0.75),PERCENTILE('02周度面板'!$AJ$4:$AJ$8,0.75)) | M38: =IFERROR(_xlfn.PERCENTILE.INC('02周度面板'!$AJ$4:$AJ$8,0.9),PERCENTILE('02周度面板'!$AJ$4:$AJ$8,0.9)) | N38: =IFERROR(J38-I38,"") | O38: =IFERROR(M38-I38,"") | P38: =IFERROR(F38/D38,"") | Q38: =IFERROR(D38-E38,"") | R38: =IFERROR(D38/E38,"") | S38: 否 | T38: — | U38: 2022, 2023, 2024, 2025, 2026
A39: 36 | B39: W36 | C39: =COUNT('02周度面板'!$AK$4:$AK$8) | D39: =IFERROR(AVERAGE('02周度面板'!$AK$4:$AK$8),"") | E39: =IFERROR(MEDIAN('02周度面板'!$AK$4:$AK$8),"") | F39: =IFERROR(STDEV('02周度面板'!$AK$4:$AK$8),"") | G39: =IFERROR(MIN('02周度面板'!$AK$4:$AK$8),"") | H39: =IFERROR(MAX('02周度面板'!$AK$4:$AK$8),"") | I39: =IFERROR(_xlfn.PERCENTILE.INC('02周度面板'!$AK$4:$AK$8,0.1),PERCENTILE('02周度面板'!$AK$4:$AK$8,0.1)) | J39: =IFERROR(_xlfn.PERCENTILE.INC('02周度面板'!$AK$4:$AK$8,0.25),PERCENTILE('02周度面板'!$AK$4:$AK$8,0.25)) | K39: =IFERROR(_xlfn.PERCENTILE.INC('02周度面板'!$AK$4:$AK$8,0.5),PERCENTILE('02周度面板'!$AK$4:$AK$8,0.5)) | L39: =IFERROR(_xlfn.PERCENTILE.INC('02周度面板'!$AK$4:$AK$8,0.75),PERCENTILE('02周度面板'!$AK$4:$AK$8,0.75)) | M39: =IFERROR(_xlfn.PERCENTILE.INC('02周度面板'!$AK$4:$AK$8,0.9),PERCENTILE('02周度面板'!$AK$4:$AK$8,0.9)) | N39: =IFERROR(J39-I39,"") | O39: =IFERROR(M39-I39,"") | P39: =IFERROR(F39/D39,"") | Q39: =IFERROR(D39-E39,"") | R39: =IFERROR(D39/E39,"") | S39: 否 | T39: — | U39: 2022, 2023, 2024, 2025, 2026
A40: 37 | B40: W37 | C40: =COUNT('02周度面板'!$AL$4:$AL$8) | D40: =IFERROR(AVERAGE('02周度面板'!$AL$4:$AL$8),"") | E40: =IFERROR(MEDIAN('02周度面板'!$AL$4:$AL$8),"") | F40: =IFERROR(STDEV('02周度面板'!$AL$4:$AL$8),"") | G40: =IFERROR(MIN('02周度面板'!$AL$4:$AL$8),"") | H40: =IFERROR(MAX('02周度面板'!$AL$4:$AL$8),"") | I40: =IFERROR(_xlfn.PERCENTILE.INC('02周度面板'!$AL$4:$AL$8,0.1),PERCENTILE('02周度面板'!$AL$4:$AL$8,0.1)) | J40: =IFERROR(_xlfn.PERCENTILE.INC('02周度面板'!$AL$4:$AL$8,0.25),PERCENTILE('02周度面板'!$AL$4:$AL$8,0.25)) | K40: =IFERROR(_xlfn.PERCENTILE.INC('02周度面板'!$AL$4:$AL$8,0.5),PERCENTILE('02周度面板'!$AL$4:$AL$8,0.5)) | L40: =IFERROR(_xlfn.PERCENTILE.INC('02周度面板'!$AL$4:$AL$8,0.75),PERCENTILE('02周度面板'!$AL$4:$AL$8,0.75)) | M40: =IFERROR(_xlfn.PERCENTILE.INC('02周度面板'!$AL$4:$AL$8,0.9),PERCENTILE('02周度面板'!$AL$4:$AL$8,0.9)) | N40: =IFERROR(J40-I40,"") | O40: =IFERROR(M40-I40,"") | P40: =IFERROR(F40/D40,"") | Q40: =IFERROR(D40-E40,"") | R40: =IFERROR(D40/E40,"") | S40: 否 | T40: — | U40: 2022, 2023, 2024, 2025, 2026
A41: 38 | B41: W38 | C41: =COUNT('02周度面板'!$AM$4:$AM$8) | D41: =IFERROR(AVERAGE('02周度面板'!$AM$4:$AM$8),"") | E41: =IFERROR(MEDIAN('02周度面板'!$AM$4:$AM$8),"") | F41: =IFERROR(STDEV('02周度面板'!$AM$4:$AM$8),"") | G41: =IFERROR(MIN('02周度面板'!$AM$4:$AM$8),"") | H41: =IFERROR(MAX('02周度面板'!$AM$4:$AM$8),"") | I41: =IFERROR(_xlfn.PERCENTILE.INC('02周度面板'!$AM$4:$AM$8,0.1),PERCENTILE('02周度面板'!$AM$4:$AM$8,0.1)) | J41: =IFERROR(_xlfn.PERCENTILE.INC('02周度面板'!$AM$4:$AM$8,0.25),PERCENTILE('02周度面板'!$AM$4:$AM$8,0.25)) | K41: =IFERROR(_xlfn.PERCENTILE.INC('02周度面板'!$AM$4:$AM$8,0.5),PERCENTILE('02周度面板'!$AM$4:$AM$8,0.5)) | L41: =IFERROR(_xlfn.PERCENTILE.INC('02周度面板'!$AM$4:$AM$8,0.75),PERCENTILE('02周度面板'!$AM$4:$AM$8,0.75)) | M41: =IFERROR(_xlfn.PERCENTILE.INC('02周度面板'!$AM$4:$AM$8,0.9),PERCENTILE('02周度面板'!$AM$4:$AM$8,0.9)) | N41: =IFERROR(J41-I41,"") | O41: =IFERROR(M41-I41,"") | P41: =IFERROR(F41/D41,"") | Q41: =IFERROR(D41-E41,"") | R41: =IFERROR(D41/E41,"") | S41: 否 | T41: — | U41: 2022, 2023, 2024, 2025, 2026
A42: 39 | B42: W39 | C42: =COUNT('02周度面板'!$AN$4:$AN$8) | D42: =IFERROR(AVERAGE('02周度面板'!$AN$4:$AN$8),"") | E42: =IFERROR(MEDIAN('02周度面板'!$AN$4:$AN$8),"") | F42: =IFERROR(STDEV('02周度面板'!$AN$4:$AN$8),"") | G42: =IFERROR(MIN('02周度面板'!$AN$4:$AN$8),"") | H42: =IFERROR(MAX('02周度面板'!$AN$4:$AN$8),"") | I42: =IFERROR(_xlfn.PERCENTILE.INC('02周度面板'!$AN$4:$AN$8,0.1),PERCENTILE('02周度面板'!$AN$4:$AN$8,0.1)) | J42: =IFERROR(_xlfn.PERCENTILE.INC('02周度面板'!$AN$4:$AN$8,0.25),PERCENTILE('02周度面板'!$AN$4:$AN$8,0.25)) | K42: =IFERROR(_xlfn.PERCENTILE.INC('02周度面板'!$AN$4:$AN$8,0.5),PERCENTILE('02周度面板'!$AN$4:$AN$8,0.5)) | L42: =IFERROR(_xlfn.PERCENTILE.INC('02周度面板'!$AN$4:$AN$8,0.75),PERCENTILE('02周度面板'!$AN$4:$AN$8,0.75)) | M42: =IFERROR(_xlfn.PERCENTILE.INC('02周度面板'!$AN$4:$AN$8,0.9),PERCENTILE('02周度面板'!$AN$4:$AN$8,0.9)) | N42: =IFERROR(J42-I42,"") | O42: =IFERROR(M42-I42,"") | P42: =IFERROR(F42/D42,"") | Q42: =IFERROR(D42-E42,"") | R42: =IFERROR(D42/E42,"") | S42: 否 | T42: — | U42: 2022, 2023, 2024, 2025, 2026
A43: 40 | B43: W40 | C43: =COUNT('02周度面板'!$AO$4:$AO$8) | D43: =IFERROR(AVERAGE('02周度面板'!$AO$4:$AO$8),"") | E43: =IFERROR(MEDIAN('02周度面板'!$AO$4:$AO$8),"") | F43: =IFERROR(STDEV('02周度面板'!$AO$4:$AO$8),"") | G43: =IFERROR(MIN('02周度面板'!$AO$4:$AO$8),"") | H43: =IFERROR(MAX('02周度面板'!$AO$4:$AO$8),"") | I43: =IFERROR(_xlfn.PERCENTILE.INC('02周度面板'!$AO$4:$AO$8,0.1),PERCENTILE('02周度面板'!$AO$4:$AO$8,0.1)) | J43: =IFERROR(_xlfn.PERCENTILE.INC('02周度面板'!$AO$4:$AO$8,0.25),PERCENTILE('02周度面板'!$AO$4:$AO$8,0.25)) | K43: =IFERROR(_xlfn.PERCENTILE.INC('02周度面板'!$AO$4:$AO$8,0.5),PERCENTILE('02周度面板'!$AO$4:$AO$8,0.5)) | L43: =IFERROR(_xlfn.PERCENTILE.INC('02周度面板'!$AO$4:$AO$8,0.75),PERCENTILE('02周度面板'!$AO$4:$AO$8,0.75)) | M43: =IFERROR(_xlfn.PERCENTILE.INC('02周度面板'!$AO$4:$AO$8,0.9),PERCENTILE('02周度面板'!$AO$4:$AO$8,0.9)) | N43: =IFERROR(J43-I43,"") | O43: =IFERROR(M43-I43,"") | P43: =IFERROR(F43/D43,"") | Q43: =IFERROR(D43-E43,"") | R43: =IFERROR(D43/E43,"") | S43: 否 | T43: — | U43: 2022, 2023, 2024, 2025, 2026
A44: 41 | B44: W41 | C44: =COUNT('02周度面板'!$AP$4:$AP$8) | D44: =IFERROR(AVERAGE('02周度面板'!$AP$4:$AP$8),"") | E44: =IFERROR(MEDIAN('02周度面板'!$AP$4:$AP$8),"") | F44: =IFERROR(STDEV('02周度面板'!$AP$4:$AP$8),"") | G44: =IFERROR(MIN('02周度面板'!$AP$4:$AP$8),"") | H44: =IFERROR(MAX('02周度面板'!$AP$4:$AP$8),"") | I44: =IFERROR(_xlfn.PERCENTILE.INC('02周度面板'!$AP$4:$AP$8,0.1),PERCENTILE('02周度面板'!$AP$4:$AP$8,0.1)) | J44: =IFERROR(_xlfn.PERCENTILE.INC('02周度面板'!$AP$4:$AP$8,0.25),PERCENTILE('02周度面板'!$AP$4:$AP$8,0.25)) | K44: =IFERROR(_xlfn.PERCENTILE.INC('02周度面板'!$AP$4:$AP$8,0.5),PERCENTILE('02周度面板'!$AP$4:$AP$8,0.5)) | L44: =IFERROR(_xlfn.PERCENTILE.INC('02周度面板'!$AP$4:$AP$8,0.75),PERCENTILE('02周度面板'!$AP$4:$AP$8,0.75)) | M44: =IFERROR(_xlfn.PERCENTILE.INC('02周度面板'!$AP$4:$AP$8,0.9),PERCENTILE('02周度面板'!$AP$4:$AP$8,0.9)) | N44: =IFERROR(J44-I44,"") | O44: =IFERROR(M44-I44,"") | P44: =IFERROR(F44/D44,"") | Q44: =IFERROR(D44-E44,"") | R44: =IFERROR(D44/E44,"") | S44: 否 | T44: — | U44: 2022, 2023, 2024, 2025, 2026
A45: 42 | B45: W42 | C45: =COUNT('02周度面板'!$AQ$4:$AQ$8) | D45: =IFERROR(AVERAGE('02周度面板'!$AQ$4:$AQ$8),"") | E45: =IFERROR(MEDIAN('02周度面板'!$AQ$4:$AQ$8),"") | F45: =IFERROR(STDEV('02周度面板'!$AQ$4:$AQ$8),"") | G45: =IFERROR(MIN('02周度面板'!$AQ$4:$AQ$8),"") | H45: =IFERROR(MAX('02周度面板'!$AQ$4:$AQ$8),"") | I45: =IFERROR(_xlfn.PERCENTILE.INC('02周度面板'!$AQ$4:$AQ$8,0.1),PERCENTILE('02周度面板'!$AQ$4:$AQ$8,0.1)) | J45: =IFERROR(_xlfn.PERCENTILE.INC('02周度面板'!$AQ$4:$AQ$8,0.25),PERCENTILE('02周度面板'!$AQ$4:$AQ$8,0.25)) | K45: =IFERROR(_xlfn.PERCENTILE.INC('02周度面板'!$AQ$4:$AQ$8,0.5),PERCENTILE('02周度面板'!$AQ$4:$AQ$8,0.5)) | L45: =IFERROR(_xlfn.PERCENTILE.INC('02周度面板'!$AQ$4:$AQ$8,0.75),PERCENTILE('02周度面板'!$AQ$4:$AQ$8,0.75)) | M45: =IFERROR(_xlfn.PERCENTILE.INC('02周度面板'!$AQ$4:$AQ$8,0.9),PERCENTILE('02周度面板'!$AQ$4:$AQ$8,0.9)) | N45: =IFERROR(J45-I45,"") | O45: =IFERROR(M45-I45,"") | P45: =IFERROR(F45/D45,"") | Q45: =IFERROR(D45-E45,"") | R45: =IFERROR(D45/E45,"") | S45: 否 | T45: — | U45: 2022, 2023, 2024, 2025, 2026
A46: 43 | B46: W43 | C46: =COUNT('02周度面板'!$AR$4:$AR$8) | D46: =IFERROR(AVERAGE('02周度面板'!$AR$4:$AR$8),"") | E46: =IFERROR(MEDIAN('02周度面板'!$AR$4:$AR$8),"") | F46: =IFERROR(STDEV('02周度面板'!$AR$4:$AR$8),"") | G46: =IFERROR(MIN('02周度面板'!$AR$4:$AR$8),"") | H46: =IFERROR(MAX('02周度面板'!$AR$4:$AR$8),"") | I46: =IFERROR(_xlfn.PERCENTILE.INC('02周度面板'!$AR$4:$AR$8,0.1),PERCENTILE('02周度面板'!$AR$4:$AR$8,0.1)) | J46: =IFERROR(_xlfn.PERCENTILE.INC('02周度面板'!$AR$4:$AR$8,0.25),PERCENTILE('02周度面板'!$AR$4:$AR$8,0.25)) | K46: =IFERROR(_xlfn.PERCENTILE.INC('02周度面板'!$AR$4:$AR$8,0.5),PERCENTILE('02周度面板'!$AR$4:$AR$8,0.5)) | L46: =IFERROR(_xlfn.PERCENTILE.INC('02周度面板'!$AR$4:$AR$8,0.75),PERCENTILE('02周度面板'!$AR$4:$AR$8,0.75)) | M46: =IFERROR(_xlfn.PERCENTILE.INC('02周度面板'!$AR$4:$AR$8,0.9),PERCENTILE('02周度面板'!$AR$4:$AR$8,0.9)) | N46: =IFERROR(J46-I46,"") | O46: =IFERROR(M46-I46,"") | P46: =IFERROR(F46/D46,"") | Q46: =IFERROR(D46-E46,"") | R46: =IFERROR(D46/E46,"") | S46: 否 | T46: — | U46: 2022, 2023, 2024, 2025, 2026
A47: 44 | B47: W44 | C47: =COUNT('02周度面板'!$AS$4:$AS$8) | D47: =IFERROR(AVERAGE('02周度面板'!$AS$4:$AS$8),"") | E47: =IFERROR(MEDIAN('02周度面板'!$AS$4:$AS$8),"") | F47: =IFERROR(STDEV('02周度面板'!$AS$4:$AS$8),"") | G47: =IFERROR(MIN('02周度面板'!$AS$4:$AS$8),"") | H47: =IFERROR(MAX('02周度面板'!$AS$4:$AS$8),"") | I47: =IFERROR(_xlfn.PERCENTILE.INC('02周度面板'!$AS$4:$AS$8,0.1),PERCENTILE('02周度面板'!$AS$4:$AS$8,0.1)) | J47: =IFERROR(_xlfn.PERCENTILE.INC('02周度面板'!$AS$4:$AS$8,0.25),PERCENTILE('02周度面板'!$AS$4:$AS$8,0.25)) | K47: =IFERROR(_xlfn.PERCENTILE.INC('02周度面板'!$AS$4:$AS$8,0.5),PERCENTILE('02周度面板'!$AS$4:$AS$8,0.5)) | L47: =IFERROR(_xlfn.PERCENTILE.INC('02周度面板'!$AS$4:$AS$8,0.75),PERCENTILE('02周度面板'!$AS$4:$AS$8,0.75)) | M47: =IFERROR(_xlfn.PERCENTILE.INC('02周度面板'!$AS$4:$AS$8,0.9),PERCENTILE('02周度面板'!$AS$4:$AS$8,0.9)) | N47: =IFERROR(J47-I47,"") | O47: =IFERROR(M47-I47,"") | P47: =IFERROR(F47/D47,"") | Q47: =IFERROR(D47-E47,"") | R47: =IFERROR(D47/E47,"") | S47: 否 | T47: 2026 | U47: 2022, 2023, 2024, 2025
A48: 45 | B48: W45 | C48: =COUNT('02周度面板'!$AT$4:$AT$8) | D48: =IFERROR(AVERAGE('02周度面板'!$AT$4:$AT$8),"") | E48: =IFERROR(MEDIAN('02周度面板'!$AT$4:$AT$8),"") | F48: =IFERROR(STDEV('02周度面板'!$AT$4:$AT$8),"") | G48: =IFERROR(MIN('02周度面板'!$AT$4:$AT$8),"") | H48: =IFERROR(MAX('02周度面板'!$AT$4:$AT$8),"") | I48: =IFERROR(_xlfn.PERCENTILE.INC('02周度面板'!$AT$4:$AT$8,0.1),PERCENTILE('02周度面板'!$AT$4:$AT$8,0.1)) | J48: =IFERROR(_xlfn.PERCENTILE.INC('02周度面板'!$AT$4:$AT$8,0.25),PERCENTILE('02周度面板'!$AT$4:$AT$8,0.25)) | K48: =IFERROR(_xlfn.PERCENTILE.INC('02周度面板'!$AT$4:$AT$8,0.5),PERCENTILE('02周度面板'!$AT$4:$AT$8,0.5)) | L48: =IFERROR(_xlfn.PERCENTILE.INC('02周度面板'!$AT$4:$AT$8,0.75),PERCENTILE('02周度面板'!$AT$4:$AT$8,0.75)) | M48: =IFERROR(_xlfn.PERCENTILE.INC('02周度面板'!$AT$4:$AT$8,0.9),PERCENTILE('02周度面板'!$AT$4:$AT$8,0.9)) | N48: =IFERROR(J48-I48,"") | O48: =IFERROR(M48-I48,"") | P48: =IFERROR(F48/D48,"") | Q48: =IFERROR(D48-E48,"") | R48: =IFERROR(D48/E48,"") | S48: 否 | T48: 2026 | U48: 2022, 2023, 2024, 2025
A49: 46 | B49: W46 | C49: =COUNT('02周度面板'!$AU$4:$AU$8) | D49: =IFERROR(AVERAGE('02周度面板'!$AU$4:$AU$8),"") | E49: =IFERROR(MEDIAN('02周度面板'!$AU$4:$AU$8),"") | F49: =IFERROR(STDEV('02周度面板'!$AU$4:$AU$8),"") | G49: =IFERROR(MIN('02周度面板'!$AU$4:$AU$8),"") | H49: =IFERROR(MAX('02周度面板'!$AU$4:$AU$8),"") | I49: =IFERROR(_xlfn.PERCENTILE.INC('02周度面板'!$AU$4:$AU$8,0.1),PERCENTILE('02周度面板'!$AU$4:$AU$8,0.1)) | J49: =IFERROR(_xlfn.PERCENTILE.INC('02周度面板'!$AU$4:$AU$8,0.25),PERCENTILE('02周度面板'!$AU$4:$AU$8,0.25)) | K49: =IFERROR(_xlfn.PERCENTILE.INC('02周度面板'!$AU$4:$AU$8,0.5),PERCENTILE('02周度面板'!$AU$4:$AU$8,0.5)) | L49: =IFERROR(_xlfn.PERCENTILE.INC('02周度面板'!$AU$4:$AU$8,0.75),PERCENTILE('02周度面板'!$AU$4:$AU$8,0.75)) | M49: =IFERROR(_xlfn.PERCENTILE.INC('02周度面板'!$AU$4:$AU$8,0.9),PERCENTILE('02周度面板'!$AU$4:$AU$8,0.9)) | N49: =IFERROR(J49-I49,"") | O49: =IFERROR(M49-I49,"") | P49: =IFERROR(F49/D49,"") | Q49: =IFERROR(D49-E49,"") | R49: =IFERROR(D49/E49,"") | S49: 否 | T49: 2026 | U49: 2022, 2023, 2024, 2025
A50: 47 | B50: W47 | C50: =COUNT('02周度面板'!$AV$4:$AV$8) | D50: =IFERROR(AVERAGE('02周度面板'!$AV$4:$AV$8),"") | E50: =IFERROR(MEDIAN('02周度面板'!$AV$4:$AV$8),"") | F50: =IFERROR(STDEV('02周度面板'!$AV$4:$AV$8),"") | G50: =IFERROR(MIN('02周度面板'!$AV$4:$AV$8),"") | H50: =IFERROR(MAX('02周度面板'!$AV$4:$AV$8),"") | I50: =IFERROR(_xlfn.PERCENTILE.INC('02周度面板'!$AV$4:$AV$8,0.1),PERCENTILE('02周度面板'!$AV$4:$AV$8,0.1)) | J50: =IFERROR(_xlfn.PERCENTILE.INC('02周度面板'!$AV$4:$AV$8,0.25),PERCENTILE('02周度面板'!$AV$4:$AV$8,0.25)) | K50: =IFERROR(_xlfn.PERCENTILE.INC('02周度面板'!$AV$4:$AV$8,0.5),PERCENTILE('02周度面板'!$AV$4:$AV$8,0.5)) | L50: =IFERROR(_xlfn.PERCENTILE.INC('02周度面板'!$AV$4:$AV$8,0.75),PERCENTILE('02周度面板'!$AV$4:$AV$8,0.75)) | M50: =IFERROR(_xlfn.PERCENTILE.INC('02周度面板'!$AV$4:$AV$8,0.9),PERCENTILE('02周度面板'!$AV$4:$AV$8,0.9)) | N50: =IFERROR(J50-I50,"") | O50: =IFERROR(M50-I50,"") | P50: =IFERROR(F50/D50,"") | Q50: =IFERROR(D50-E50,"") | R50: =IFERROR(D50/E50,"") | S50: 否 | T50: 2026 | U50: 2022, 2023, 2024, 2025
A51: 48 | B51: W48 | C51: =COUNT('02周度面板'!$AW$4:$AW$8) | D51: =IFERROR(AVERAGE('02周度面板'!$AW$4:$AW$8),"") | E51: =IFERROR(MEDIAN('02周度面板'!$AW$4:$AW$8),"") | F51: =IFERROR(STDEV('02周度面板'!$AW$4:$AW$8),"") | G51: =IFERROR(MIN('02周度面板'!$AW$4:$AW$8),"") | H51: =IFERROR(MAX('02周度面板'!$AW$4:$AW$8),"") | I51: =IFERROR(_xlfn.PERCENTILE.INC('02周度面板'!$AW$4:$AW$8,0.1),PERCENTILE('02周度面板'!$AW$4:$AW$8,0.1)) | J51: =IFERROR(_xlfn.PERCENTILE.INC('02周度面板'!$AW$4:$AW$8,0.25),PERCENTILE('02周度面板'!$AW$4:$AW$8,0.25)) | K51: =IFERROR(_xlfn.PERCENTILE.INC('02周度面板'!$AW$4:$AW$8,0.5),PERCENTILE('02周度面板'!$AW$4:$AW$8,0.5)) | L51: =IFERROR(_xlfn.PERCENTILE.INC('02周度面板'!$AW$4:$AW$8,0.75),PERCENTILE('02周度面板'!$AW$4:$AW$8,0.75)) | M51: =IFERROR(_xlfn.PERCENTILE.INC('02周度面板'!$AW$4:$AW$8,0.9),PERCENTILE('02周度面板'!$AW$4:$AW$8,0.9)) | N51: =IFERROR(J51-I51,"") | O51: =IFERROR(M51-I51,"") | P51: =IFERROR(F51/D51,"") | Q51: =IFERROR(D51-E51,"") | R51: =IFERROR(D51/E51,"") | S51: 否 | T51: 2026 | U51: 2022, 2023, 2024, 2025
A52: 49 | B52: W49 | C52: =COUNT('02周度面板'!$AX$4:$AX$8) | D52: =IFERROR(AVERAGE('02周度面板'!$AX$4:$AX$8),"") | E52: =IFERROR(MEDIAN('02周度面板'!$AX$4:$AX$8),"") | F52: =IFERROR(STDEV('02周度面板'!$AX$4:$AX$8),"") | G52: =IFERROR(MIN('02周度面板'!$AX$4:$AX$8),"") | H52: =IFERROR(MAX('02周度面板'!$AX$4:$AX$8),"") | I52: =IFERROR(_xlfn.PERCENTILE.INC('02周度面板'!$AX$4:$AX$8,0.1),PERCENTILE('02周度面板'!$AX$4:$AX$8,0.1)) | J52: =IFERROR(_xlfn.PERCENTILE.INC('02周度面板'!$AX$4:$AX$8,0.25),PERCENTILE('02周度面板'!$AX$4:$AX$8,0.25)) | K52: =IFERROR(_xlfn.PERCENTILE.INC('02周度面板'!$AX$4:$AX$8,0.5),PERCENTILE('02周度面板'!$AX$4:$AX$8,0.5)) | L52: =IFERROR(_xlfn.PERCENTILE.INC('02周度面板'!$AX$4:$AX$8,0.75),PERCENTILE('02周度面板'!$AX$4:$AX$8,0.75)) | M52: =IFERROR(_xlfn.PERCENTILE.INC('02周度面板'!$AX$4:$AX$8,0.9),PERCENTILE('02周度面板'!$AX$4:$AX$8,0.9)) | N52: =IFERROR(J52-I52,"") | O52: =IFERROR(M52-I52,"") | P52: =IFERROR(F52/D52,"") | Q52: =IFERROR(D52-E52,"") | R52: =IFERROR(D52/E52,"") | S52: 否 | T52: 2026 | U52: 2022, 2023, 2024, 2025
A53: 50 | B53: W50 | C53: =COUNT('02周度面板'!$AY$4:$AY$8) | D53: =IFERROR(AVERAGE('02周度面板'!$AY$4:$AY$8),"") | E53: =IFERROR(MEDIAN('02周度面板'!$AY$4:$AY$8),"") | F53: =IFERROR(STDEV('02周度面板'!$AY$4:$AY$8),"") | G53: =IFERROR(MIN('02周度面板'!$AY$4:$AY$8),"") | H53: =IFERROR(MAX('02周度面板'!$AY$4:$AY$8),"") | I53: =IFERROR(_xlfn.PERCENTILE.INC('02周度面板'!$AY$4:$AY$8,0.1),PERCENTILE('02周度面板'!$AY$4:$AY$8,0.1)) | J53: =IFERROR(_xlfn.PERCENTILE.INC('02周度面板'!$AY$4:$AY$8,0.25),PERCENTILE('02周度面板'!$AY$4:$AY$8,0.25)) | K53: =IFERROR(_xlfn.PERCENTILE.INC('02周度面板'!$AY$4:$AY$8,0.5),PERCENTILE('02周度面板'!$AY$4:$AY$8,0.5)) | L53: =IFERROR(_xlfn.PERCENTILE.INC('02周度面板'!$AY$4:$AY$8,0.75),PERCENTILE('02周度面板'!$AY$4:$AY$8,0.75)) | M53: =IFERROR(_xlfn.PERCENTILE.INC('02周度面板'!$AY$4:$AY$8,0.9),PERCENTILE('02周度面板'!$AY$4:$AY$8,0.9)) | N53: =IFERROR(J53-I53,"") | O53: =IFERROR(M53-I53,"") | P53: =IFERROR(F53/D53,"") | Q53: =IFERROR(D53-E53,"") | R53: =IFERROR(D53/E53,"") | S53: 否 | T53: 2026 | U53: 2022, 2023, 2024, 2025
A54: 51 | B54: W51 | C54: =COUNT('02周度面板'!$AZ$4:$AZ$8) | D54: =IFERROR(AVERAGE('02周度面板'!$AZ$4:$AZ$8),"") | E54: =IFERROR(MEDIAN('02周度面板'!$AZ$4:$AZ$8),"") | F54: =IFERROR(STDEV('02周度面板'!$AZ$4:$AZ$8),"") | G54: =IFERROR(MIN('02周度面板'!$AZ$4:$AZ$8),"") | H54: =IFERROR(MAX('02周度面板'!$AZ$4:$AZ$8),"") | I54: =IFERROR(_xlfn.PERCENTILE.INC('02周度面板'!$AZ$4:$AZ$8,0.1),PERCENTILE('02周度面板'!$AZ$4:$AZ$8,0.1)) | J54: =IFERROR(_xlfn.PERCENTILE.INC('02周度面板'!$AZ$4:$AZ$8,0.25),PERCENTILE('02周度面板'!$AZ$4:$AZ$8,0.25)) | K54: =IFERROR(_xlfn.PERCENTILE.INC('02周度面板'!$AZ$4:$AZ$8,0.5),PERCENTILE('02周度面板'!$AZ$4:$AZ$8,0.5)) | L54: =IFERROR(_xlfn.PERCENTILE.INC('02周度面板'!$AZ$4:$AZ$8,0.75),PERCENTILE('02周度面板'!$AZ$4:$AZ$8,0.75)) | M54: =IFERROR(_xlfn.PERCENTILE.INC('02周度面板'!$AZ$4:$AZ$8,0.9),PERCENTILE('02周度面板'!$AZ$4:$AZ$8,0.9)) | N54: =IFERROR(J54-I54,"") | O54: =IFERROR(M54-I54,"") | P54: =IFERROR(F54/D54,"") | Q54: =IFERROR(D54-E54,"") | R54: =IFERROR(D54/E54,"") | S54: 否 | T54: 2026 | U54: 2022, 2023, 2024, 2025
A55: 52 | B55: W52 | C55: =COUNT('02周度面板'!$BA$4:$BA$8) | D55: =IFERROR(AVERAGE('02周度面板'!$BA$4:$BA$8),"") | E55: =IFERROR(MEDIAN('02周度面板'!$BA$4:$BA$8),"") | F55: =IFERROR(STDEV('02周度面板'!$BA$4:$BA$8),"") | G55: =IFERROR(MIN('02周度面板'!$BA$4:$BA$8),"") | H55: =IFERROR(MAX('02周度面板'!$BA$4:$BA$8),"") | I55: =IFERROR(_xlfn.PERCENTILE.INC('02周度面板'!$BA$4:$BA$8,0.1),PERCENTILE('02周度面板'!$BA$4:$BA$8,0.1)) | J55: =IFERROR(_xlfn.PERCENTILE.INC('02周度面板'!$BA$4:$BA$8,0.25),PERCENTILE('02周度面板'!$BA$4:$BA$8,0.25)) | K55: =IFERROR(_xlfn.PERCENTILE.INC('02周度面板'!$BA$4:$BA$8,0.5),PERCENTILE('02周度面板'!$BA$4:$BA$8,0.5)) | L55: =IFERROR(_xlfn.PERCENTILE.INC('02周度面板'!$BA$4:$BA$8,0.75),PERCENTILE('02周度面板'!$BA$4:$BA$8,0.75)) | M55: =IFERROR(_xlfn.PERCENTILE.INC('02周度面板'!$BA$4:$BA$8,0.9),PERCENTILE('02周度面板'!$BA$4:$BA$8,0.9)) | N55: =IFERROR(J55-I55,"") | O55: =IFERROR(M55-I55,"") | P55: =IFERROR(F55/D55,"") | Q55: =IFERROR(D55-E55,"") | R55: =IFERROR(D55/E55,"") | S55: 否 | T55: 2026 | U55: 2022, 2023, 2024, 2025
A57: 说明：本表统计列为活公式，直接引用「02周度面板」面板；修改面板后按 F9 即复算。PERCENTILE.INC 与 numpy 默认 linear 插值、R type 7 完全等价。

Sheet 06月度统计
A1: 06 月度同期统计（公式直连 03 面板）
A2: 同上；月度 n 通常 4–5 年，分位不确定性大
A3: 位置 | B3: 标签 | C3: n年 | D3: 均值 | E3: 中位数 | F3: 标准差 | G3: 最小 | H3: 最大 | I3: p10 | J3: p25 | K3: p50 | L3: p75 | M3: p90 | N3: IQR | O3: p90-p10 | P3: CV | Q3: 均值-中位 | R3: 均值/中位 | S3: 样本不足? | T3: 缺少年份 | U3: 样本年份
A4: 1 | B4: 01月 | C4: =COUNT('03月度面板'!$B$4:$B$8) | D4: =IFERROR(AVERAGE('03月度面板'!$B$4:$B$8),"") | E4: =IFERROR(MEDIAN('03月度面板'!$B$4:$B$8),"") | F4: =IFERROR(STDEV('03月度面板'!$B$4:$B$8),"") | G4: =IFERROR(MIN('03月度面板'!$B$4:$B$8),"") | H4: =IFERROR(MAX('03月度面板'!$B$4:$B$8),"") | I4: =IFERROR(_xlfn.PERCENTILE.INC('03月度面板'!$B$4:$B$8,0.1),PERCENTILE('03月度面板'!$B$4:$B$8,0.1)) | J4: =IFERROR(_xlfn.PERCENTILE.INC('03月度面板'!$B$4:$B$8,0.25),PERCENTILE('03月度面板'!$B$4:$B$8,0.25)) | K4: =IFERROR(_xlfn.PERCENTILE.INC('03月度面板'!$B$4:$B$8,0.5),PERCENTILE('03月度面板'!$B$4:$B$8,0.5)) | L4: =IFERROR(_xlfn.PERCENTILE.INC('03月度面板'!$B$4:$B$8,0.75),PERCENTILE('03月度面板'!$B$4:$B$8,0.75)) | M4: =IFERROR(_xlfn.PERCENTILE.INC('03月度面板'!$B$4:$B$8,0.9),PERCENTILE('03月度面板'!$B$4:$B$8,0.9)) | N4: =IFERROR(J4-I4,"") | O4: =IFERROR(M4-I4,"") | P4: =IFERROR(F4/D4,"") | Q4: =IFERROR(D4-E4,"") | R4: =IFERROR(D4/E4,"") | S4: 否 | T4: 2022 | U4: 2023, 2024, 2025, 2026
A5: 2 | B5: 02月 | C5: =COUNT('03月度面板'!$C$4:$C$8) | D5: =IFERROR(AVERAGE('03月度面板'!$C$4:$C$8),"") | E5: =IFERROR(MEDIAN('03月度面板'!$C$4:$C$8),"") | F5: =IFERROR(STDEV('03月度面板'!$C$4:$C$8),"") | G5: =IFERROR(MIN('03月度面板'!$C$4:$C$8),"") | H5: =IFERROR(MAX('03月度面板'!$C$4:$C$8),"") | I5: =IFERROR(_xlfn.PERCENTILE.INC('03月度面板'!$C$4:$C$8,0.1),PERCENTILE('03月度面板'!$C$4:$C$8,0.1)) | J5: =IFERROR(_xlfn.PERCENTILE.INC('03月度面板'!$C$4:$C$8,0.25),PERCENTILE('03月度面板'!$C$4:$C$8,0.25)) | K5: =IFERROR(_xlfn.PERCENTILE.INC('03月度面板'!$C$4:$C$8,0.5),PERCENTILE('03月度面板'!$C$4:$C$8,0.5)) | L5: =IFERROR(_xlfn.PERCENTILE.INC('03月度面板'!$C$4:$C$8,0.75),PERCENTILE('03月度面板'!$C$4:$C$8,0.75)) | M5: =IFERROR(_xlfn.PERCENTILE.INC('03月度面板'!$C$4:$C$8,0.9),PERCENTILE('03月度面板'!$C$4:$C$8,0.9)) | N5: =IFERROR(J5-I5,"") | O5: =IFERROR(M5-I5,"") | P5: =IFERROR(F5/D5,"") | Q5: =IFERROR(D5-E5,"") | R5: =IFERROR(D5/E5,"") | S5: 否 | T5: 2022 | U5: 2023, 2024, 2025, 2026
A6: 3 | B6: 03月 | C6: =COUNT('03月度面板'!$D$4:$D$8) | D6: =IFERROR(AVERAGE('03月度面板'!$D$4:$D$8),"") | E6: =IFERROR(MEDIAN('03月度面板'!$D$4:$D$8),"") | F6: =IFERROR(STDEV('03月度面板'!$D$4:$D$8),"") | G6: =IFERROR(MIN('03月度面板'!$D$4:$D$8),"") | H6: =IFERROR(MAX('03月度面板'!$D$4:$D$8),"") | I6: =IFERROR(_xlfn.PERCENTILE.INC('03月度面板'!$D$4:$D$8,0.1),PERCENTILE('03月度面板'!$D$4:$D$8,0.1)) | J6: =IFERROR(_xlfn.PERCENTILE.INC('03月度面板'!$D$4:$D$8,0.25),PERCENTILE('03月度面板'!$D$4:$D$8,0.25)) | K6: =IFERROR(_xlfn.PERCENTILE.INC('03月度面板'!$D$4:$D$8,0.5),PERCENTILE('03月度面板'!$D$4:$D$8,0.5)) | L6: =IFERROR(_xlfn.PERCENTILE.INC('03月度面板'!$D$4:$D$8,0.75),PERCENTILE('03月度面板'!$D$4:$D$8,0.75)) | M6: =IFERROR(_xlfn.PERCENTILE.INC('03月度面板'!$D$4:$D$8,0.9),PERCENTILE('03月度面板'!$D$4:$D$8,0.9)) | N6: =IFERROR(J6-I6,"") | O6: =IFERROR(M6-I6,"") | P6: =IFERROR(F6/D6,"") | Q6: =IFERROR(D6-E6,"") | R6: =IFERROR(D6/E6,"") | S6: 否 | T6: 2022 | U6: 2023, 2024, 2025, 2026
A7: 4 | B7: 04月 | C7: =COUNT('03月度面板'!$E$4:$E$8) | D7: =IFERROR(AVERAGE('03月度面板'!$E$4:$E$8),"") | E7: =IFERROR(MEDIAN('03月度面板'!$E$4:$E$8),"") | F7: =IFERROR(STDEV('03月度面板'!$E$4:$E$8),"") | G7: =IFERROR(MIN('03月度面板'!$E$4:$E$8),"") | H7: =IFERROR(MAX('03月度面板'!$E$4:$E$8),"") | I7: =IFERROR(_xlfn.PERCENTILE.INC('03月度面板'!$E$4:$E$8,0.1),PERCENTILE('03月度面板'!$E$4:$E$8,0.1)) | J7: =IFERROR(_xlfn.PERCENTILE.INC('03月度面板'!$E$4:$E$8,0.25),PERCENTILE('03月度面板'!$E$4:$E$8,0.25)) | K7: =IFERROR(_xlfn.PERCENTILE.INC('03月度面板'!$E$4:$E$8,0.5),PERCENTILE('03月度面板'!$E$4:$E$8,0.5)) | L7: =IFERROR(_xlfn.PERCENTILE.INC('03月度面板'!$E$4:$E$8,0.75),PERCENTILE('03月度面板'!$E$4:$E$8,0.75)) | M7: =IFERROR(_xlfn.PERCENTILE.INC('03月度面板'!$E$4:$E$8,0.9),PERCENTILE('03月度面板'!$E$4:$E$8,0.9)) | N7: =IFERROR(J7-I7,"") | O7: =IFERROR(M7-I7,"") | P7: =IFERROR(F7/D7,"") | Q7: =IFERROR(D7-E7,"") | R7: =IFERROR(D7/E7,"") | S7: 否 | T7: 2022 | U7: 2023, 2024, 2025, 2026
A8: 5 | B8: 05月 | C8: =COUNT('03月度面板'!$F$4:$F$8) | D8: =IFERROR(AVERAGE('03月度面板'!$F$4:$F$8),"") | E8: =IFERROR(MEDIAN('03月度面板'!$F$4:$F$8),"") | F8: =IFERROR(STDEV('03月度面板'!$F$4:$F$8),"") | G8: =IFERROR(MIN('03月度面板'!$F$4:$F$8),"") | H8: =IFERROR(MAX('03月度面板'!$F$4:$F$8),"") | I8: =IFERROR(_xlfn.PERCENTILE.INC('03月度面板'!$F$4:$F$8,0.1),PERCENTILE('03月度面板'!$F$4:$F$8,0.1)) | J8: =IFERROR(_xlfn.PERCENTILE.INC('03月度面板'!$F$4:$F$8,0.25),PERCENTILE('03月度面板'!$F$4:$F$8,0.25)) | K8: =IFERROR(_xlfn.PERCENTILE.INC('03月度面板'!$F$4:$F$8,0.5),PERCENTILE('03月度面板'!$F$4:$F$8,0.5)) | L8: =IFERROR(_xlfn.PERCENTILE.INC('03月度面板'!$F$4:$F$8,0.75),PERCENTILE('03月度面板'!$F$4:$F$8,0.75)) | M8: =IFERROR(_xlfn.PERCENTILE.INC('03月度面板'!$F$4:$F$8,0.9),PERCENTILE('03月度面板'!$F$4:$F$8,0.9)) | N8: =IFERROR(J8-I8,"") | O8: =IFERROR(M8-I8,"") | P8: =IFERROR(F8/D8,"") | Q8: =IFERROR(D8-E8,"") | R8: =IFERROR(D8/E8,"") | S8: 否 | T8: 2022 | U8: 2023, 2024, 2025, 2026
A9: 6 | B9: 06月 | C9: =COUNT('03月度面板'!$G$4:$G$8) | D9: =IFERROR(AVERAGE('03月度面板'!$G$4:$G$8),"") | E9: =IFERROR(MEDIAN('03月度面板'!$G$4:$G$8),"") | F9: =IFERROR(STDEV('03月度面板'!$G$4:$G$8),"") | G9: =IFERROR(MIN('03月度面板'!$G$4:$G$8),"") | H9: =IFERROR(MAX('03月度面板'!$G$4:$G$8),"") | I9: =IFERROR(_xlfn.PERCENTILE.INC('03月度面板'!$G$4:$G$8,0.1),PERCENTILE('03月度面板'!$G$4:$G$8,0.1)) | J9: =IFERROR(_xlfn.PERCENTILE.INC('03月度面板'!$G$4:$G$8,0.25),PERCENTILE('03月度面板'!$G$4:$G$8,0.25)) | K9: =IFERROR(_xlfn.PERCENTILE.INC('03月度面板'!$G$4:$G$8,0.5),PERCENTILE('03月度面板'!$G$4:$G$8,0.5)) | L9: =IFERROR(_xlfn.PERCENTILE.INC('03月度面板'!$G$4:$G$8,0.75),PERCENTILE('03月度面板'!$G$4:$G$8,0.75)) | M9: =IFERROR(_xlfn.PERCENTILE.INC('03月度面板'!$G$4:$G$8,0.9),PERCENTILE('03月度面板'!$G$4:$G$8,0.9)) | N9: =IFERROR(J9-I9,"") | O9: =IFERROR(M9-I9,"") | P9: =IFERROR(F9/D9,"") | Q9: =IFERROR(D9-E9,"") | R9: =IFERROR(D9/E9,"") | S9: 否 | T9: 2022 | U9: 2023, 2024, 2025, 2026
A10: 7 | B10: 07月 | C10: =COUNT('03月度面板'!$H$4:$H$8) | D10: =IFERROR(AVERAGE('03月度面板'!$H$4:$H$8),"") | E10: =IFERROR(MEDIAN('03月度面板'!$H$4:$H$8),"") | F10: =IFERROR(STDEV('03月度面板'!$H$4:$H$8),"") | G10: =IFERROR(MIN('03月度面板'!$H$4:$H$8),"") | H10: =IFERROR(MAX('03月度面板'!$H$4:$H$8),"") | I10: =IFERROR(_xlfn.PERCENTILE.INC('03月度面板'!$H$4:$H$8,0.1),PERCENTILE('03月度面板'!$H$4:$H$8,0.1)) | J10: =IFERROR(_xlfn.PERCENTILE.INC('03月度面板'!$H$4:$H$8,0.25),PERCENTILE('03月度面板'!$H$4:$H$8,0.25)) | K10: =IFERROR(_xlfn.PERCENTILE.INC('03月度面板'!$H$4:$H$8,0.5),PERCENTILE('03月度面板'!$H$4:$H$8,0.5)) | L10: =IFERROR(_xlfn.PERCENTILE.INC('03月度面板'!$H$4:$H$8,0.75),PERCENTILE('03月度面板'!$H$4:$H$8,0.75)) | M10: =IFERROR(_xlfn.PERCENTILE.INC('03月度面板'!$H$4:$H$8,0.9),PERCENTILE('03月度面板'!$H$4:$H$8,0.9)) | N10: =IFERROR(J10-I10,"") | O10: =IFERROR(M10-I10,"") | P10: =IFERROR(F10/D10,"") | Q10: =IFERROR(D10-E10,"") | R10: =IFERROR(D10/E10,"") | S10: 否 | T10: 2022 | U10: 2023, 2024, 2025, 2026
A11: 8 | B11: 08月 | C11: =COUNT('03月度面板'!$I$4:$I$8) | D11: =IFERROR(AVERAGE('03月度面板'!$I$4:$I$8),"") | E11: =IFERROR(MEDIAN('03月度面板'!$I$4:$I$8),"") | F11: =IFERROR(STDEV('03月度面板'!$I$4:$I$8),"") | G11: =IFERROR(MIN('03月度面板'!$I$4:$I$8),"") | H11: =IFERROR(MAX('03月度面板'!$I$4:$I$8),"") | I11: =IFERROR(_xlfn.PERCENTILE.INC('03月度面板'!$I$4:$I$8,0.1),PERCENTILE('03月度面板'!$I$4:$I$8,0.1)) | J11: =IFERROR(_xlfn.PERCENTILE.INC('03月度面板'!$I$4:$I$8,0.25),PERCENTILE('03月度面板'!$I$4:$I$8,0.25)) | K11: =IFERROR(_xlfn.PERCENTILE.INC('03月度面板'!$I$4:$I$8,0.5),PERCENTILE('03月度面板'!$I$4:$I$8,0.5)) | L11: =IFERROR(_xlfn.PERCENTILE.INC('03月度面板'!$I$4:$I$8,0.75),PERCENTILE('03月度面板'!$I$4:$I$8,0.75)) | M11: =IFERROR(_xlfn.PERCENTILE.INC('03月度面板'!$I$4:$I$8,0.9),PERCENTILE('03月度面板'!$I$4:$I$8,0.9)) | N11: =IFERROR(J11-I11,"") | O11: =IFERROR(M11-I11,"") | P11: =IFERROR(F11/D11,"") | Q11: =IFERROR(D11-E11,"") | R11: =IFERROR(D11/E11,"") | S11: 否 | T11: — | U11: 2022, 2023, 2024, 2025, 2026
A12: 9 | B12: 09月 | C12: =COUNT('03月度面板'!$J$4:$J$8) | D12: =IFERROR(AVERAGE('03月度面板'!$J$4:$J$8),"") | E12: =IFERROR(MEDIAN('03月度面板'!$J$4:$J$8),"") | F12: =IFERROR(STDEV('03月度面板'!$J$4:$J$8),"") | G12: =IFERROR(MIN('03月度面板'!$J$4:$J$8),"") | H12: =IFERROR(MAX('03月度面板'!$J$4:$J$8),"") | I12: =IFERROR(_xlfn.PERCENTILE.INC('03月度面板'!$J$4:$J$8,0.1),PERCENTILE('03月度面板'!$J$4:$J$8,0.1)) | J12: =IFERROR(_xlfn.PERCENTILE.INC('03月度面板'!$J$4:$J$8,0.25),PERCENTILE('03月度面板'!$J$4:$J$8,0.25)) | K12: =IFERROR(_xlfn.PERCENTILE.INC('03月度面板'!$J$4:$J$8,0.5),PERCENTILE('03月度面板'!$J$4:$J$8,0.5)) | L12: =IFERROR(_xlfn.PERCENTILE.INC('03月度面板'!$J$4:$J$8,0.75),PERCENTILE('03月度面板'!$J$4:$J$8,0.75)) | M12: =IFERROR(_xlfn.PERCENTILE.INC('03月度面板'!$J$4:$J$8,0.9),PERCENTILE('03月度面板'!$J$4:$J$8,0.9)) | N12: =IFERROR(J12-I12,"") | O12: =IFERROR(M12-I12,"") | P12: =IFERROR(F12/D12,"") | Q12: =IFERROR(D12-E12,"") | R12: =IFERROR(D12/E12,"") | S12: 否 | T12: — | U12: 2022, 2023, 2024, 2025, 2026
A13: 10 | B13: 10月 | C13: =COUNT('03月度面板'!$K$4:$K$8) | D13: =IFERROR(AVERAGE('03月度面板'!$K$4:$K$8),"") | E13: =IFERROR(MEDIAN('03月度面板'!$K$4:$K$8),"") | F13: =IFERROR(STDEV('03月度面板'!$K$4:$K$8),"") | G13: =IFERROR(MIN('03月度面板'!$K$4:$K$8),"") | H13: =IFERROR(MAX('03月度面板'!$K$4:$K$8),"") | I13: =IFERROR(_xlfn.PERCENTILE.INC('03月度面板'!$K$4:$K$8,0.1),PERCENTILE('03月度面板'!$K$4:$K$8,0.1)) | J13: =IFERROR(_xlfn.PERCENTILE.INC('03月度面板'!$K$4:$K$8,0.25),PERCENTILE('03月度面板'!$K$4:$K$8,0.25)) | K13: =IFERROR(_xlfn.PERCENTILE.INC('03月度面板'!$K$4:$K$8,0.5),PERCENTILE('03月度面板'!$K$4:$K$8,0.5)) | L13: =IFERROR(_xlfn.PERCENTILE.INC('03月度面板'!$K$4:$K$8,0.75),PERCENTILE('03月度面板'!$K$4:$K$8,0.75)) | M13: =IFERROR(_xlfn.PERCENTILE.INC('03月度面板'!$K$4:$K$8,0.9),PERCENTILE('03月度面板'!$K$4:$K$8,0.9)) | N13: =IFERROR(J13-I13,"") | O13: =IFERROR(M13-I13,"") | P13: =IFERROR(F13/D13,"") | Q13: =IFERROR(D13-E13,"") | R13: =IFERROR(D13/E13,"") | S13: 否 | T13: — | U13: 2022, 2023, 2024, 2025, 2026
A14: 11 | B14: 11月 | C14: =COUNT('03月度面板'!$L$4:$L$8) | D14: =IFERROR(AVERAGE('03月度面板'!$L$4:$L$8),"") | E14: =IFERROR(MEDIAN('03月度面板'!$L$4:$L$8),"") | F14: =IFERROR(STDEV('03月度面板'!$L$4:$L$8),"") | G14: =IFERROR(MIN('03月度面板'!$L$4:$L$8),"") | H14: =IFERROR(MAX('03月度面板'!$L$4:$L$8),"") | I14: =IFERROR(_xlfn.PERCENTILE.INC('03月度面板'!$L$4:$L$8,0.1),PERCENTILE('03月度面板'!$L$4:$L$8,0.1)) | J14: =IFERROR(_xlfn.PERCENTILE.INC('03月度面板'!$L$4:$L$8,0.25),PERCENTILE('03月度面板'!$L$4:$L$8,0.25)) | K14: =IFERROR(_xlfn.PERCENTILE.INC('03月度面板'!$L$4:$L$8,0.5),PERCENTILE('03月度面板'!$L$4:$L$8,0.5)) | L14: =IFERROR(_xlfn.PERCENTILE.INC('03月度面板'!$L$4:$L$8,0.75),PERCENTILE('03月度面板'!$L$4:$L$8,0.75)) | M14: =IFERROR(_xlfn.PERCENTILE.INC('03月度面板'!$L$4:$L$8,0.9),PERCENTILE('03月度面板'!$L$4:$L$8,0.9)) | N14: =IFERROR(J14-I14,"") | O14: =IFERROR(M14-I14,"") | P14: =IFERROR(F14/D14,"") | Q14: =IFERROR(D14-E14,"") | R14: =IFERROR(D14/E14,"") | S14: 否 | T14: 2026 | U14: 2022, 2023, 2024, 2025
A15: 12 | B15: 12月 | C15: =COUNT('03月度面板'!$M$4:$M$8) | D15: =IFERROR(AVERAGE('03月度面板'!$M$4:$M$8),"") | E15: =IFERROR(MEDIAN('03月度面板'!$M$4:$M$8),"") | F15: =IFERROR(STDEV('03月度面板'!$M$4:$M$8),"") | G15: =IFERROR(MIN('03月度面板'!$M$4:$M$8),"") | H15: =IFERROR(MAX('03月度面板'!$M$4:$M$8),"") | I15: =IFERROR(_xlfn.PERCENTILE.INC('03月度面板'!$M$4:$M$8,0.1),PERCENTILE('03月度面板'!$M$4:$M$8,0.1)) | J15: =IFERROR(_xlfn.PERCENTILE.INC('03月度面板'!$M$4:$M$8,0.25),PERCENTILE('03月度面板'!$M$4:$M$8,0.25)) | K15: =IFERROR(_xlfn.PERCENTILE.INC('03月度面板'!$M$4:$M$8,0.5),PERCENTILE('03月度面板'!$M$4:$M$8,0.5)) | L15: =IFERROR(_xlfn.PERCENTILE.INC('03月度面板'!$M$4:$M$8,0.75),PERCENTILE('03月度面板'!$M$4:$M$8,0.75)) | M15: =IFERROR(_xlfn.PERCENTILE.INC('03月度面板'!$M$4:$M$8,0.9),PERCENTILE('03月度面板'!$M$4:$M$8,0.9)) | N15: =IFERROR(J15-I15,"") | O15: =IFERROR(M15-I15,"") | P15: =IFERROR(F15/D15,"") | Q15: =IFERROR(D15-E15,"") | R15: =IFERROR(D15/E15,"") | S15: 否 | T15: 2026 | U15: 2022, 2023, 2024, 2025
A17: 说明：本表统计列为活公式，直接引用「03月度面板」面板；修改面板后按 F9 即复算。PERCENTILE.INC 与 numpy 默认 linear 插值、R type 7 完全等价。

Sheet 07归一化面板
A1: 07 年初归一化面板（该年窗口首个有效观测 = 100）
A2: 把"年份价格水平不同"从形态里剥离，只看年内节奏；百分比口径
A3: 年份 | B3: 基期位置 | C3: 基期日期 | D3: 基期价格 | E3: W01 | F3: W02 | G3: W03 | H3: W04 | I3: W05 | J3: W06 | K3: W07 | L3: W08 | M3: W09 | N3: W10 | O3: W11 | P3: W12 | Q3: W13 | R3: W14 | S3: W15 | T3: W16 | U3: W17 | V3: W18 | W3: W19 | X3: W20 | Y3: W21 | Z3: W22 | AA3: W23 | AB3: W24 | AC3: W25 | AD3: W26 | AE3: W27 | AF3: W28 | AG3: W29 | AH3: W30 | AI3: W31 | AJ3: W32 | AK3: W33 | AL3: W34 | AM3: W35 | AN3: W36 | AO3: W37 | AP3: W38 | AQ3: W39 | AR3: W40 | AS3: W41 | AT3: W42 | AU3: W43 | AV3: W44 | AW3: W45 | AX3: W46 | AY3: W47 | AZ3: W48 | BA3: W49 | BB3: W50 | BC3: W51 | BD3: W52
A4: 2022 | B4: 33 | C4: 2022-08-17 | D4: 2438.75 | AK4: 100 | AL4: 105.3306 | AM4: 104.7155 | AN4: 111.225 | AO4: 113.5828 | AP4: 113.4188 | AQ4: 123.5264 | AR4: 127.3193 | AS4: 117.3757 | AT4: 118.6674 | AU4: 114.8129 | AV4: 116.9042 | AW4: 110.3709 | AX4: 114.8129 | AY4: 114.2319 | AZ4: 109.9608 | BA4: 107.9106 | BB4: 109.8239 | BC4: 106.612 | BD4: 107.9106
A5: 2023 | B5: 1 | C5: 2023-01-02 | D5: 2671.67 | E5: 100 | F5: 98.6585 | G5: 100.6861 | H5: 100.6861 | I5: 101.9336 | J5: 101.4882 | K5: 101.4882 | L5: 103.3997 | M5: 101.1229 | N5: 98.7521 | O5: 96.4127 | P5: 97.6917 | Q5: 95.1963 | R5: 92.5762 | S5: 92.514 | T5: 95.4459 | U5: 93.1376 | V5: 90.2683 | W5: 88.3343 | X5: 87.7103 | Y5: 79.9436 | Z5: 80.9108 | AA5: 78.0721 | AB5: 77.1053 | AC5: 78.2907 | AD5: 80.9108 | AE5: 80.6922 | AF5: 84.217 | AG5: 84.0609 | AH5: 84.2481 | AI5: 87.2424 | AJ5: 88.5839 | AK5: 88.1782 | AL5: 91.9212 | AM5: 94.5102 | AN5: 93.5434 | AO5: 94.6037 | AP5: 95.0406 | AQ5: 92.7633 | AR5: 92.7633 | AS5: 92.8258 | AT5: 91.7029 | AU5: 90.9543 | AV5: 90.2058 | AW5: 93.7926 | AX5: 93.4183 | AY5: 88.5525 | AZ5: 93.9798 | BA5: 91.8901 | BB5: 90.6111 | BC5: 93.0441 | BD5: 91.9526
A6: 2024 | B6: 1 | C6: 2024-01-01 | D6: 2414.17 | E6: 100 | F6: 100.0688 | G6: 101.3806 | H6: 108.3532 | I6: 106.1098 | J6: 109.3544 | K6: 109.3544 | L6: 109.1816 | M6: 113.0823 | N6: 112.3231 | O6: 112.2539 | P6: 111.2527 | Q6: 107.007 | R6: 108.1117 | S6: 106.869 | T6: 111.4946 | U6: 108.1809 | V6: 109.8377 | W6: 110.597 | X6: 118.6399 | Y6: 114.2558 | Z6: 115.9819 | AA6: 108.5259 | AB6: 106.0406 | AC6: 104.66 | AD6: 104.7979 | AE6: 105.2121 | AF6: 105.6264 | AG6: 104.6252 | AH6: 103.9695 | AI6: 103.9695 | AJ6: 102.3818 | AK6: 99.8964 | AL6: 102.796 | AM6: 103.3825 | AN6: 98.8261 | AO6: 99.6545 | AP6: 101.0699 | AQ6: 101.1043 | AR6: 106.7655 | AS6: 103.7968 | AT6: 101.7604 | AU6: 101.0699 | AV6: 102.9339 | AW6: 103.5209 | AX6: 102.5197 | AY6: 105.6264 | AZ6: 105.143 | BA6: 102.8304 | BB6: 107.5247 | BC6: 108.733 | BD6: 113.9108
A7: 2025 | B7: 1 | C7: 2024-12-30 | D7: 2779.17 | E7: 100 | F7: 96.2219 | G7: 97.5111 | H7: 94.6326 | I7: 94.8423 | J7: 95.3522 | K7: 93.7032 | L7: 93.3732 | M7: 94.7826 | N7: 95.3223 | O7: 94.5725 | P7: 96.9415 | Q7: 96.7915 | R7: 91.754 | S7: 91.3042 | T7: 86.4917 | U7: 87.0764 | V7: 87.796 | W7: 85.9969 | X7: 87.3012 | Y7: 83.2083 | Z7: 80.8515 | AA7: 82.8305 | AB7: 84.9894 | AC7: 99.4542 | AD7: 98.9803 | AE7: 89.0255 | AF7: 86.2668 | AG7: 86.057 | AH7: 88.4858 | AI7: 86.1167 | AJ7: 85.6669 | AK7: 84.4378 | AL7: 83.0762 | AM7: 80.8094 | AN7: 80.8094 | AO7: 82.3987 | AP7: 81.3793 | AQ7: 81.0944 | AR7: 80.5096 | AS7: 80.3297 | AT7: 83.6221 | AU7: 81.1753 | AV7: 78.2968 | AW7: 75.4182 | AX7: 74.7705 | AY7: 72.0359 | AZ7: 75.6819 | BA7: 75.5621 | BB7: 75.7122 | BC7: 77.6311 | BD7: 77.3612
A8: 2026 | B8: 1 | C8: 2025-12-29 | D8: 2207.5 | E8: 100 | F8: 101.5099 | G8: 101.9629 | H8: 100.8304 | I8: 103.4732 | J8: 99.6602 | K8: 100.7928 | L8: 99.7359 | M8: 99.0183 | N8: 113.2503 | O8: 124.5753 | P8: 143.6014 | Q8: 148.8865 | R8: 151.6045 | S8: 153.4165 | T8: 153.7182 | U8: 147.5275 | V8: 149.3015 | W8: 143.6014 | X8: 140.4304 | Y8: 145.6775 | Z8: 141.7137 | AA8: 144.3565 | AB8: 155.908 | AC8: 132.1255 | AD8: 122.9142 | AE8: 115.3264 | AF8: 120.0453 | AG8: 120.3475 | AH8: 124.5753 | AI8: 120.7248 | AJ8: 114.6849 | AK8: 120.8757 | AL8: 130.2754 | AM8: 129.1429 | AN8: 151.7178 | AO8: 168.8186 | AP8: 182.5595 | AQ8: 186.1835 | AR8: 203.5484 | AS8: 214.4204 | AT8: 180.7475 | AU8: 179.6906

Sheet 08当前年位置
A1: 08 当前年（2026）相对历史同期的位置
A2: 历史样本**不含当前年**；"历史分位"= 历史同期中小于当前值的比例（并列计 0.5）
A3: 位置 | B3: 标签 | C3: 当前值 | D3: 截止日 | E3: 历史均值 | F3: 历史中位 | G3: 历史分位 | H3: 排名 | I3: 样本年数 | J3: z 分数 | K3: 距均值% | L3: 历史年份 | M3: 历史同期值
A4: 1 | B4: W01 | C4: 2207.5 | D4: 2026-01-02 | E4: 2621.67 | F4: 2671.67 | G4: 0 | H4: 4/3 | I4: 3 | J4: -2.2081 | K4: -0.15797946 | L4: 2023, 2024, 2025 | M4: 2671.7, 2414.2, 2779.2
A5: 2 | B5: W02 | C5: 2240.83 | D5: 2026-01-09 | E5: 2575.2767 | F5: 2635.83 | G5: 0 | H5: 4/3 | I5: 3 | J5: -2.399 | K5: -0.12986826 | L5: 2023, 2024, 2025 | M5: 2635.8, 2415.8, 2674.2
A6: 3 | B6: W03 | C6: 2250.83 | D6: 2026-01-16 | E6: 2615.8333 | F6: 2690 | G6: 0 | H6: 4/3 | I6: 3 | J6: -2.4979 | K6: -0.13953615 | L6: 2023, 2024, 2025 | M6: 2690.0, 2447.5, 2710.0
A7: 4 | B7: W04 | C7: 2225.83 | D7: 2026-01-23 | E7: 2645.2767 | F7: 2630 | G7: 0 | H7: 4/3 | I7: 3 | J7: -10.6528 | K7: -0.1585644 | L7: 2023, 2024, 2025 | M7: 2690.0, 2615.8, 2630.0
A8: 5 | B8: W05 | C8: 2284.17 | D8: 2026-01-30 | E8: 2640.2767 | F8: 2635.83 | G8: 0 | H8: 4/3 | I8: 3 | J8: -4.4006 | K8: -0.13487477 | L8: 2023, 2024, 2025 | M8: 2723.3, 2561.7, 2635.8
A9: 6 | B9: W06 | C9: 2200 | D9: 2026-02-06 | E9: 2667.1433 | F9: 2650 | G9: 0 | H9: 4/3 | I9: 3 | J9: -12.0778 | K9: -0.17514743 | L9: 2023, 2024, 2025 | M9: 2711.4, 2640.0, 2650.0
A10: 7 | B10: W07 | C10: 2225 | D10: 2026-02-13 | E10: 2651.8667 | F10: 2640 | G10: 0 | H10: 4/3 | I10: 3 | J10: -7.8172 | K10: -0.16096839 | L10: 2023, 2024, 2025 | M10: 2711.4, 2640.0, 2604.2
A11: 8 | B11: W08 | C11: 2201.67 | D11: 2026-02-20 | E11: 2664.4433 | F11: 2635.83 | G11: 0 | H11: 4/3 | I11: 3 | J11: -5.2986 | K11: -0.1736848 | L11: 2023, 2024, 2025 | M11: 2762.5, 2635.8, 2595.0
A12: 9 | B12: W09 | C12: 2185.83 | D12: 2026-02-27 | E12: 2688.6133 | F12: 2701.67 | G12: 0 | H12: 4/3 | I12: 3 | J12: -10.2127 | K12: -0.18700469 | L12: 2023, 2024, 2025 | M12: 2701.7, 2730.0, 2634.2
A13: 10 | B13: W10 | C13: 2500 | D13: 2026-03-06 | E13: 2666.39 | F13: 2649.17 | G13: 0 | H13: 4/3 | I13: 3 | J13: -4.2032 | K13: -0.062402724 | L13: 2023, 2024, 2025 | M13: 2638.3, 2711.7, 2649.2
A14: 11 | B14: W11 | C14: 2750 | D14: 2026-03-13 | E14: 2638.0533 | F14: 2628.33 | G14: 1 | H14: 1/3 | I14: 3 | J14: 1.6557 | K14: 0.042435344 | L14: 2023, 2024, 2025 | M14: 2575.8, 2710.0, 2628.3
A15: 12 | B15: W12 | C15: 3170 | D15: 2026-03-20 | E15: 2663.3333 | F15: 2685.83 | G15: 1 | H15: 1/3 | I15: 3 | J15: 10.9252 | K15: 0.19023781 | L15: 2023, 2024, 2025 | M15: 2610.0, 2685.8, 2694.2
... A46: 43 | B46: W43 | C46: 3966.67 | D46: 2026-10-20 | E46: 2481.5 | F46: 2435 | G46: 1 | H46: 1/4 | I46: 4 | J46: 6.499 | K46: 0.59849688 | L46: 2022, 2023, 2024, 2025 | M46: 2800.0, 2430.0, 2440.0, 2256.0

Sheet 09异常年证据
A1: 09 异常年份检查（自动识别，不自动删除）
A2: 判定：决定性=其余年份在该位置高度一致而该年偏离>2%；稳健=去掉该年后的MAD距≥3σ。最高/最低年若为独占极值不产生证据。
A3: 频率 | B3: 年份 | C3: 判级 | D3: 参与位置数 | E3: 决定性证据 | F3: 稳健证据 | G3: 最大剔除后均值变化 | H3: 整体水平偏移 | I3: 说明
A4: 周度 | B4: 2022 | C4: 异常 | D4: 20 | E4: 0 | F4: 2 | G4: 0.0498 | H4: 0.0182 | I4: 稳健：2/20 个同期位置 |稳健z| ≥ 3.0
A5: 周度 | B5: 2023 | C5: 异常 | D5: 52 | E5: 1 | F5: 3 | G5: 0.0495 | H5: 0.0252 | I5: 决定性：1 个同期位置上其余年份一致而该年偏离超过 2%；稳健：3/52 个同期位置 |稳健z| ≥ 3.0
A6: 周度 | B6: 2024 | C6: 异常 | D6: 52 | E6: 1 | F6: 5 | G6: 0.0278 | H6: 0.0145 | I6: 决定性：1 个同期位置上其余年份一致而该年偏离超过 2%；稳健：5/52 个同期位置 |稳健z| ≥ 3.0
A7: 周度 | B7: 2025 | C7: 异常 | D7: 52 | E7: 1 | F7: 7 | G7: 0.052 | H7: 0.0292 | I7: 决定性：1 个同期位置上其余年份一致而该年偏离超过 2%；稳健：7/52 个同期位置 |稳健z| ≥ 3.0
A8: 周度 | B8: 2026 | C8: 异常 | D8: 43 | E8: 1 | F8: 34 | G8: 0.1494 | H8: 0.0578 | I8: 决定性：1 个同期位置上其余年份一致而该年偏离超过 2%；稳健：34/43 个同期位置 |稳健z| ≥ 3.0
A9: 月度 | B9: 2022 | C9: 正常 | D9: 5 | E9: 0 | F9: 0 | G9: 0 | H9: 0.0134
A10: 月度 | B10: 2023 | C10: 异常 | D10: 12 | E10: 1 | F10: 1 | G10: 0.0533 | H10: 0.0269 | I10: 决定性：1 个同期位置上其余年份一致而该年偏离超过 2%；稳健：1/12 个同期位置 |稳健z| ≥ 3.0
A11: 月度 | B11: 2024 | C11: 关注 | D11: 12 | E11: 0 | F11: 1 | G11: 0.0274 | H11: 0.017 | I11: 单一位置稳健离群（05月，稳健z=5.2）
A12: 月度 | B12: 2025 | C12: 关注 | D12: 12 | E12: 0 | F12: 1 | G12: 0.0297 | H12: 0.0315 | I12: 单一位置稳健离群（08月，稳健z=-8.7）
A13: 月度 | B13: 2026 | C13: 异常 | D13: 10 | E13: 0 | F13: 9 | G13: 0.1358 | H13: 0.0645 | I13: 稳健：9/10 个同期位置 |稳健z| ≥ 3.0
A15: 逐位置离群证据（哪一周/月出现了哪个年份的离群）
A16: 频率 | B16: 位置 | C16: 年份 | D16: 类型 | E16: 该年值 | F16: 其余年中位 | G16: 其余年均值 | H16: 其余年MAD | I16: 偏离% | J16: 稳健z | K16: 剔除该年后同期均值变化
A17: 周度 | B17: W02 | C17: 2024 | D17: 稳健离群(MAD距≥3σ) | E17: 2415.83 | F17: 2635.83 | G17: 2516.9433 | H17: 38.34 | I17: 0.0835 | J17: -3.87 | K17: 0.0101
A18: 周度 | B18: W02 | C18: 2026 | D18: 稳健离群(MAD距≥3σ) | E18: 2240.83 | F18: 2635.83 | G18: 2575.2767 | H18: 38.34 | I18: 0.1499 | J18: -6.949 | K18: 0.0336
A19: 周度 | B19: W03 | C19: 2024 | D19: 稳健离群(MAD距≥3σ) | E19: 2447.5 | F19: 2690 | G19: 2550.2767 | H19: 20 | I19: 0.0901 | J19: -8.178 | K19: 0.0102
A20: 周度 | B20: W03 | C20: 2026 | D20: 稳健离群(MAD距≥3σ) | E20: 2250.83 | F20: 2690 | G20: 2615.8333 | H20: 20 | I20: 0.1633 | J20: -14.811 | K20: 0.0361
A21: 周度 | B21: W04 | C21: 2026 | D21: 稳健离群(MAD距≥3σ) | E21: 2225.83 | F21: 2630 | G21: 2645.2767 | H21: 14.17 | I21: 0.1537 | J21: -19.238 | K21: 0.0413
A22: 周度 | B22: W05 | C22: 2026 | D22: 稳健离群(MAD距≥3σ) | E22: 2284.17 | F22: 2635.83 | G22: 2640.2767 | H22: 74.16 | I22: 0.1334 | J22: -3.198 | K22: 0.0349
A23: 周度 | B23: W06 | C23: 2026 | D23: 稳健离群(MAD距≥3σ) | E23: 2200 | F23: 2650 | G23: 2667.1433 | H23: 10 | I23: 0.1698 | J23: -30.352 | K23: 0.0458
A24: 周度 | B24: W07 | C24: 2026 | D24: 稳健离群(MAD距≥3σ) | E24: 2225 | F24: 2640 | G24: 2651.8667 | H24: 35.83 | I24: 0.1572 | J24: -7.812 | K24: 0.0419
A25: 周度 | B25: W08 | C25: 2026 | D25: 稳健离群(MAD距≥3σ) | E25: 2201.67 | F25: 2635.83 | G25: 2664.4433 | H25: 40.83 | I25: 0.1647 | J25: -7.172 | K25: 0.0454
A26: 周度 | B26: W09 | C26: 2026 | D26: 稳健离群(MAD距≥3σ) | E26: 2185.83 | F26: 2701.67 | G26: 2688.6133 | H26: 28.33 | I26: 0.1909 | J26: -12.281 | K26: 0.049
A27: 周度 | B27: W10 | C27: 2026 | D27: 稳健离群(MAD距≥3σ) | E27: 2500 | F27: 2649.17 | G27: 2666.39 | H27: 10.84 | I27: 0.0563 | J27: -9.282 | K27: 0.0158
A28: 周度 | B28: W11 | C28: 2023 | D28: 决定性命中(其余年一致) | E28: 2575.83 | F28: 2710 | G28: 2696.11 | H28: 40 | I28: 0.0495 | J28: -2.262 | K28: 0.0113
... A84: 月度 | B84: 10月 | C84: 2026 | D84: 稳健离群(MAD距≥3σ) | E84: 3966.67 | F84: 2448.75 | G84: 2468.375 | H84: 140.75 | I84: 0.6199 | J84: 7.274 | K84: -0.1083

Sheet 10样本覆盖
A1: 10 样本覆盖与统计可用性（实际覆盖多少就是多少）
A2: 缺少的年份/月份不在表里出现，而不是补 0 或插值
A3: 频率 | B3: 年份 | C3: 首个位置 | D3: 末个位置 | E3: 首日 | F3: 末日 | G3: 有效位置数 | H3: 报价天数 | I3: 内部缺口数 | J3: 是否部分覆盖 | K3: 可用于统计? | L3: 说明
A4: 周度 | B4: 2022 | C4: 33 | D4: 52 | E4: 2022-08-17 | F4: 2022-12-30 | G4: 20 | H4: 93 | I4: 0 | J4: 是 | K4: 是 | L4: 部分年份（缺前段/后段）
A5: 周度 | B5: 2023 | C5: 1 | D5: 52 | E5: 2023-01-02 | F5: 2023-12-29 | G5: 52 | H5: 259 | I5: 0 | J5: 否 | K5: 是 | L5: 完整覆盖
A6: 周度 | B6: 2024 | C6: 1 | D6: 52 | E6: 2024-01-01 | F6: 2024-12-27 | G6: 52 | H6: 260 | I6: 0 | J6: 否 | K6: 是 | L6: 完整覆盖
A7: 周度 | B7: 2025 | C7: 1 | D7: 52 | E7: 2024-12-30 | F7: 2025-12-26 | G7: 52 | H7: 259 | I7: 0 | J7: 否 | K7: 是 | L7: 完整覆盖
A8: 周度 | B8: 2026 | C8: 1 | D8: 43 | E8: 2025-12-29 | F8: 2026-10-20 | G8: 43 | H8: 212 | I8: 0 | J8: 是 | K8: 是 | L8: 部分年份（缺前段/后段）
A9: 月度 | B9: 2022 | C9: 8 | D9: 12 | E9: 2022-08-17 | F9: 2022-12-30 | G9: 5 | H9: 93 | I9: 0 | J9: 是 | K9: 是 | L9: 部分年份（缺前段/后段）
A10: 月度 | B10: 2023 | C10: 1 | D10: 12 | E10: 2023-01-02 | F10: 2023-12-29 | G10: 12 | H10: 259 | I10: 0 | J10: 是 | K10: 是 | L10: 部分年份（缺前段/后段）
A11: 月度 | B11: 2024 | C11: 1 | D11: 12 | E11: 2024-01-01 | F11: 2024-12-31 | G11: 12 | H11: 262 | I11: 0 | J11: 是 | K11: 是 | L11: 部分年份（缺前段/后段）
A12: 月度 | B12: 2025 | C12: 1 | D12: 12 | E12: 2025-01-01 | F12: 2025-12-31 | G12: 12 | H12: 260 | I12: 0 | J12: 是 | K12: 是 | L12: 部分年份（缺前段/后段）
A13: 月度 | B13: 2026 | C13: 1 | D13: 10 | E13: 2026-01-01 | F13: 2026-10-20 | G13: 10 | H13: 209 | I13: 0 | J13: 是 | K13: 是 | L13: 部分年份（缺前段/后段）

Sheet 11数据缺口
A1: 11 数据缺口与不可得口径（比结论更重要）
A2: 缺口一律留空并列出；不做任何估算
A3: A. 目标口径是否取得
A4: 项目 | B4: 内容
A5: 需求口径 | B5: 华东地区 甲醇现货价格
A6: 实际取得 | B6: 生意社甲醇基准价 —— 全国口径·含税·交易指导价（元/吨）
A7: 是否降级 | B7: 是
A8: 原因 | B8: 华东/太仓区域现货 10 年历史在免费公开渠道不可得（隆众、卓创接口需付费订阅）；本次取得的是生意社基准价的全国口径。该口径适用于全国价格水平的季节性判断，但不能用于区域价差、交割地贴水等区域特征推断。
A9: 影响 | B9: 结论只对该口径成立；区域价差、交割地贴水等区域特征不可由此推断
A11: B. 工作日无报价清单（不属于停市日的视为真实缺报）
A12: 日期 | B12: 是否已扣除的停市日 | C12: 处理
A13: 2022-09-13 | B13: 否 | C13: 缺报：保留为空，不插值
A14: 2022-10-03 | B14: 否 | C14: 缺报：保留为空，不插值
A15: 2022-10-04 | B15: 否 | C15: 缺报：保留为空，不插值
A16: 2022-10-05 | B16: 否 | C16: 缺报：保留为空，不插值
A17: 2022-10-06 | B17: 否 | C17: 缺报：保留为空，不插值
A18: 2022-10-07 | B18: 否 | C18: 缺报：保留为空，不插值
A19: 2022-10-10 | B19: 否 | C19: 缺报：保留为空，不插值
A20: 2023-04-25 | B20: 否 | C20: 缺报：保留为空，不插值
A21: 2025-04-08 | B21: 否 | C21: 缺报：保留为空，不插值
A22: 2025-05-27 | B22: 否 | C22: 缺报：保留为空，不插值
A24: C. 已知不可得的其他口径
A25: 华东/太仓区域现货日度 10 年 | B25: 未取得 | C25: 隆众(dc.oilchem.net) 报价接口返回登录态占位（请登录/未查询到指标）；卓创 prices.sci99.com datavalue 返回空 data；均需付费订阅
A26: 交易所库存/仓单 | B26: 未取得 | C26: 郑商所接口 HTTP 412；本报告不涉及，未做估算
A27: 假期休市日 | B27: 已扣除 | C27: 见 B 列标记"是"的日期；数据源本身不发布

Sheet 12来源与复现
A1: 12 数据来源、校验与复现方式
A2: 任何人用下列命令 + 原始 CSV 都能跑出同样的数字
A4: 数据源 | B4: 生意社资讯频道 https://me.100ppi.com/news/list--1217-{page}.html (page 1..37)
A5: 抓取时间 | B5: —
A6: 逐行可追溯 | B6: 是：每条报价附原文链接（见「01日度价格」）
A7: 交叉校验 | B7: 与上一次独立抓取(2026-10-20 12:56)逐日比对：1083/1083 日期与数值完全一致
A8: 跳变核实 | B8: 6 个 |Δ|>8% 的单日变动已回原文核实，全部为源数据本身（source-confirmed），非解析错误
A9: 独立重算 | B9: 周度统计用独立脚本重算 52 个位置，均值/中位数/样本数与引擎完全一致
A10: 配方文件 | B10: methanol-eastchina-spot → data/config.json
A11: 原始数据 | B11: methanol-eastchina-spot/price_daily.csv（date,price,source_url,…）
A12: 复现命令 1 | B12: python scripts/fetch_100ppi_methanol.py --out data/raw
A13: 复现命令 2 | B13: python scripts/build_case.py --case methanol-eastchina-spot
A14: 复现命令 3 | B14: python scripts/build_html.py --case methanol-eastchina-spot && python scripts/build_xlsx.py --case methanol-eastchina-spot
A15: 自检 | B15: python scripts/selftest.py # 引擎不变式；python scripts/qa_html.py out/xxx.html # 浏览器实测
A16: Excel 口径 | B16: 05/06 统计列为活公式，引用 02/03 面板；改动面板按 F9 复算
